ID,TITLE,ARTIST,TYPE,ORIGIN,SEASON,YEAR,NOTES
1,CHA-LA HEAD CHA-LA,Hironobu Kageyama,Anime,Dragon Ball,Z,1989.0,
2,Kimi ga Suki da to Sake Bitai,Baad,Anime,Slam Dunk,,1993.0,
3,D-TecnoLife,UVERworld,Anime,Bleach,,2005.0,
4,Red fraction,MELL,Anime,Black Lagoon,,2006.0,
5,Sakura Kiss,Chieko Kawabe,Anime,Ouran High School Host Club,,2006.0,
6,PAPERMOON,Tommy heavenly6,Anime,Soul Eater,,2008.0,
7,Monochrome Kiss,SID,Anime,Black Butler,,2008.0,
8,Special days,"Hitomi Nabatame, Yuuko Gotou, Ayahi Takagaki",Anime,Special A,,2008.0,
9,Blue Bird,Ikimono-gakari,Anime,Naruto Shippuden,,2008.0,
10,Pre-Parade,"Rie Kugimiya, Yui Horie, Eri Kitamura",Anime,Toradora!,,2008.0,
11,Cagayake Girls,Houkago Tea Time,Anime,K-On!,,2009.0,
12,Vanilla Salt,Yui Horie,Anime,Toradora,,2009.0,
13,Hologram,NICO Touches the Walls,Anime,Fullmetal Alchemist: Brotherhood,,2009.0,
14,"My Soul, Your Beats",Lia,Anime,Angel Beats,,2010.0,
15,again,yui,Anime,Fullmetal Alchemist: Brotherhood,,2010.0,
16,Uragirinoyuuyake,Theatre Brook,Anime,Durarara!!,,2010.0,
17,God only knows,Oratorio The World God Only Knows (ELISA),Anime,The World God Only Knows,,2010.0,
18,Snow Halation,μ's,Anime,Love Live! School Idol Project,,2010.0,
19,Balance KISS,"Ayana Taketatsu, Yuiko Tatsumi",Anime,Kiss X Sis,,2010.0,
20,Bouken Desho Desho?,Aya Hirano,Anime,The Disappearance of Haruhi Suzumiya,,2010.0,
21,Loop-the-Loop,KOTOKO,Anime,Motto To Love-Ru,,2010.0,
22,My Dearest,supercell,Anime,Guilty Crown,,2011.0,
23,oath sign,LiSA,Anime,Fate/Zero,,2011.0,
24,departure!,Masatoshi Ono,Anime,Hunter x Hunter (2011),,2011.0,
25,Be Starters!,Eri Kitamura,Anime,Mayo Chiki!,,2011.0,
26,The Everlasting Guilty,EGOIST,Anime,Guilty Crown,,2011.0,
27,Nakimushi.,Miku Sawai,Anime,You and Me.,,2011.0,
28,Dream of Life,Shohei Itou,Anime,Bakuman.: Season 2,,2011.0,
29,Kimi + Nazo + Watashi de JUMP!!,Larval Stage Planning,Anime,Baka & Test: Summon the Beasts,,2011.0,
30,Departures (Anata ni Okuru Ai no Uta),EGOIST,Anime,Guilty Crown,,2011.0,
31,Hacking To The Gate,Kanako Itou,Anime,Steins;Gate,,2011.0,
32,Fly Away,Togashi Misuzu,Anime,Maken-ki!,,2011.0,
33,Destin Histoire,yoshiki*lisa,Anime,Gosick,,2011.0,
34,STRAIGHT JET,Minami Kuribayashi,Anime,Infinite Stratos,,2011.0,
35,DAYS of DASH,Konomi Suzuki,Anime,The Pet Girl of Sakurasou,,2012.0,
36,Reason why XXX,Sasaki Sayaka,Anime,"So, I Can't Play H!",,2012.0,
37,Platinum 17,yozuca*,Anime,"So, I Can't Play H!",,2012.0,
38,Kamisama Hajime,Hanae,Anime,Kamisama Kiss,,2012.0,
39,Little Busters,Rita,Anime,Little Busters!,,2012.0,
40,abnormalize,Ling Tosite Sigure,Anime,Psycho-Pass,,2012.0,
41,Nippon Egao Hyakk,Momoiro Clover Z,Anime,Joshiraku,,2012.0,
42,Burst the Gravity,ALTIMA ,Anime,Accel World,,2012.0,
43,Above your hand,Annabel,Anime,Sankarea,,2012.0,
44,Paradigm,Eufonius,Anime,Kokoro Connect,,2012.0,
45,Sono Chi no Sadame,Hiroaki TOMMY Tominaga,Anime,JoJo's Bizarre Adventure (2012),,2012.0,
46,Kyoumu Densen,ALI PROJECT,Anime,Another,,2012.0,
47,Yumesekai,Haruka Tomatsu,Anime,Sword Art Online,,2012.0,
48,Yukitoki,Nagi Yanagi,Anime,My Teen Romantic Comedy SNAFU,,2013.0,
49,Golden Time,Yui Horie,Anime,Golden Time,,2013.0,
50,The Other self,GRANRODEO,Anime,Kuroko no Basket,,2013.0,
51,Girlish Lover,Mizukara wo Enshutsu Suru Otome no Kai,Anime,Oreshura,,2013.0,
52,May I Help You?,"Ai Kayano, Mai Nakahara, Aki Toyosaki",Anime,Servant x Service,,2013.0,
53,Dramatic Market Ride,Aya Suzaki,Anime,Tamako Market,,2013.0,
54,"Baby Sweet, Berry",Yui Ogura,Anime,"The ""Hentai"" Prince and the Stony Cat.",,2013.0,
55,Mukaikaze,YOHKO,Anime,Maoyuu Maou Yuusha,,2013.0,
56,Daisy,STEREO DIVE FOUNDATION,Anime,Beyond the Boundary,,2013.0,
57,Kimi ga Emu Yuugure,Yoshino Nanjo,Anime,Tokyo Ravens,,2014.0,
58,Rakuen no Tsubasa,Maon Kurosaki,Anime,The Fruit of Grisaia,,2014.0,
59,Niji no Oto,Eir Aoi,Anime,Sword Art Online: Extra Edition,,2014.0,
60,I swear,Sweet ARMS,Anime,Date A Live II,,2014.0,
61,Orange,7!!,Anime,Your Lie in April,,2014.0,
62,LOVE GOOD TIME,SpecialThanks,Anime,Wolf Girl and Black Prince,,2014.0,
63,KOI NO UTA,Keiji Fujiwara,Anime,Tamako Love Story,,2014.0,
64,"Kyouran, Hey Kids!!",THE ORAL CIGARETTES,Anime,Noragami Aragoto,,2014.0,
65,Ah Yeah!,Sukima Switch,Anime,Haikyuu!! Season 2,,2014.0,
66,Rashisa,SUPER BEAVER,Anime,Rashisa,,2014.0,
67,Tomadoi Recipe,Mikakuning!,Anime,Engaged to the Unidentified,,2014.0,
68,IGNITE,Eir Aoi,Anime,Sword Art Online II,,2014.0,
69,Q&A,"Marina Inoue, Saeko Zougou",Anime,Date A Live II,,2014.0,
70,Hikaru Nara,Goose house,Anime,Your Lie in April,,2014.0,
71,This game,Konomi Suzuki,Anime,"No Game, No Life",,2014.0,
72,Daydream Café,Petit Rabbit's,Anime,Is the Order a Rabbit?,,2014.0,
73,Netsuju no Spectrum,Ikimono-gakari,Anime,The Seven Deadly Sins,,2014.0,
74,black bullet,fripSide,Anime,Black Bullet,,2014.0,
75,STEP,ClariS,Anime,Nisekoi: False Love,,2014.0,
76,Nanairo Symphony,Coalamode,Anime,Your Lie in April,,2014.0,
77,Kanade,Sora Amamiya,Anime,One Week Friends,,2014.0,
78,Colorful,Miku Sawai,Anime,Saekano: How to Raise a Boring Girlfriend,,2015.0,
79,Kuchizuke Diamond,WEAVER,Anime,Yamada-kun and the Seven Witches,,2015.0,
80,Candy Magic,MimimemeMIMI,Anime,Yamada-kun and the Seven Witches,,2015.0,
81,Everyday World,"Saori Hayami, Nao Toyama",Anime,My Teen Romantic Comedy SNAFU,,2015.0,
82,Bravely You,Lia,Anime,Charlotte,,2015.0,
83,No Poi!,Petit Rabbit's,Anime,Is the Order a Rabbit??,,2015.0,
84, -toward the truth- ,fripSide,Anime,Seraph of the End,,2015.0,
85,Brave Shine,Aimer,Anime,Fate/stay night: Unlimited Blade Works,,2015.0,
86,Harumodoki,nagi yanagi,Anime,My Teen Romantic Comedy SNAFU TOO!,,2015.0,
87,Akatsuki no Hana,Cyntia,Anime,Yona of the Dawn,,2015.0,
88,Season,Alisa Takigawa,Anime,The Seven Deadly Sins,,2015.0,
89,Yasashii Kibou,Saori Hayami,Anime,Snow White with the Red Hair,,2015.0,
90,Ring of Fortune,Eri Sasaki,Anime,Plastic Memories,,2015.0,
91,Miraikei Answer,TRUSTRICK,Anime,My Love Story!!,,2015.0,
92,Hello shooting star,Moumoon,Anime,Assassination Classroom,,2015.0,
93,B Chiku Sentai SOX,SOX,Anime,Shimoneta: A Boring World Where the Concept of Dirty Jokes Doesn't Exist,,2015.0,
94,Umarun Taisou,"Aya Suzaki, Yumiri Hanamori, Rumi Ookubo, Haruka Shiraishi",Anime,Himouto! Umaru-chan,,2015.0,
95,Kimiiro Signal,Luna Haruna,Anime,Saekano: How to Raise a Boring Girlfriend,,2015.0,
96,Tokimeki Poporon,"Inori Minase, Sora Tokui, Rie Murakawa",Anime,Is the Order a Rabbit?,,2015.0,
97,Stay Alive,Rie Takahashi,Anime,Re:Zero − Starting Life in Another World,,2016.0,
98,Koi wo Shita no wa,Aiko,Anime,A Silent Voice,,2016.0,
99,Knew day,(k)NoW_NAME,Anime,"Grimgar, Ashes and Illusions",,2016.0,
100,The Asterisk War,Shiena Nishizawa,Anime,The Asterisk War: Season 2,,2016.0,
101,Daisuki dayo,"Ai Kakuma, Nobuhiko Okamoto",Anime,Momokuri,,2016.0,
102,99.9,MOB CHOIR feat. sajou no hana,Anime,Mob Psycho 100 II,,2016.0,
103,Shirushi,LiSA,Anime,Sword Art Online: Season 2,,2016.0,
104,Chiisana Boukensha,"Inori Minase, Sora Amamiya, Rie Takahashi",Anime,KONOSUBA: God's blessing on this wonderful world!,,2016.0,
105,Great Days,"Karen Aoki, Daisuke Hasegawa",Anime,JoJo's Bizarre Adventure: Diamond is Unbreakable,,2016.0,
106,Re: Re:,ASIAN KUNG-FU GENERATION,Anime,ERASED: Boku dake ga Inai Machi,,2016.0,
107,Kaze no Uta,FLOW,Anime,Tales of Zestiria the X,,2016.0,
108,7 -seven-,FLOW x GRANRODEO,Anime,The Seven Deadly Sins,,2016.0,
109,LAY YOUR HANDS ON ME,Boom Boom Satellites,Anime,Kiznaiver,,2016.0,
110,Sekai wa Kyou mo Atarashii,Kana Hanazawa,Anime,Girls Beyond the Wasteland,,2016.0,
111,Steppin' Out,FLOW,Anime,Durarara!!x2 Ketsu,,2016.0,
112,Ima Koko,Nao Touyama,Anime,"As The Moon, So Beautiful",,2017.0,
113,Akane Sasu,Aimer,Anime,Natsume's Book of Friends,,2017.0,
114,Shinzou wo Sasageyo,Linked Horizon,Anime,Attack on Titan: Season 2,,2017.0,
115,Bon Appetit S,"Azumi Waki, Akari Kito, Anzu Haruno",Anime,Blend S,,2017.0,
116,Sen no Tsubasa,livetune adding Takuro Sugawara (from 9mm Parabellum Bullet),Anime,Re:Hamatora,,2017.0,
117,Nimensei☆Uraomote,Aimi Tanaka,Anime,Himouto! Umaru-chan: 2nd Season,,2017.0,
118,Kanashii Ureshii,frederic,Anime,Love & Lies,,2017.0,
119,Caste Room,ZAQ,Anime,Classroom of the Elite,,2017.0,
120,Hope,Namie Amuro,Anime,One Piece,,2017.0,
121,DEAREST DROP,Azusa Tadokoro,Anime,WorldEnd: What do you do at the end of the world?,,2017.0,
122,Eien no Labyrinth,Aoi Yuuki,Anime,My Girlfriend is ShoBitch,,2017.0,
123,Tsuki ga Kirei,Nao Touyama,Anime,"As The Moon, So Beautiful",,2017.0,
124,Detarame na Minus to Plus ni Okeru Blend Ko,BLEND-A,Anime,Blend S,,2017.0,
125,Deal with the devil,Tia,Anime,Kakegurui,,2017.0,
126,"Donna Hoshizora Yori mo, Donna Omoide Yori mo",ChouCho,Anime,A Sister's All You Need,,2017.0,
127,Hitorigoto,ClariS,Anime,Eromanga Sensei,,2017.0,
128,Ryuusei,Eir Aoi,Anime,Sword Art Online Alternative: Gun Gale Online,,2018.0,
129,katharsis,TK from Ling tosite sigure,Anime,Tokyo Ghoul:re,,2018.0,
130,Hikari e,FranChouChou,Anime,ZOMBIELAND SAGA,,2018.0,
131,Another colony,TRUE,Anime,Kakuriyo: Bed & Breakfast for Spirits,,2018.0,
132,Momoiro Typhoon,Luna Haruna,Anime,Yuuna and the Haunted Hot Springs,,2018.0,
133,Darling,XX:me,Anime,Darling in the FranXX,,2018.0,
134,Love Song,Iwami Manaka,Anime,Tada Never Falls in Love,,2018.0,
135,Sincerely,TRUE,Anime,Violet Evergarden,,2018.0,
136,Itsuka Sekai ga,Iida Riho,Anime,Boarding School Juliet,,2018.0,
137,POP TEAM EPIC,Sumire Uesaka,Anime,Pop Team Epic,,2018.0,
138,Adabana Necromancy,FranChouChou,Anime,ZOMBIELAND SAGA,,2018.0,
139,Otomodachi Film,Masayoshi Oishi,Anime,Tada Never Falls in Love,,2018.0,
140,SWITCH,Minami,Anime,High School DxD Hero,,2018.0,
141,Korekara,Machico,Anime,The Ryuo's Work is Never Done!,,2018.0,
142,Kimi no Sei,the peggies,Anime,Rascal Does Not Dream of Bunny Girl Senpai,,2018.0,
143,Isekai Quartet,"Satoshi Hino, Jun Fukushima, Yuusuke Kobayashi, Aoi Yuuki",Anime,Isekai Quartet,,2019.0,
144,"Can Now, Can Now",Study,Anime,We Never Learn,,2019.0,
145,Is There Still Anything That Love Can Do,RADWIMPS,Anime,Weathering With You,,2019.0,
146,Ringoiro Memories,"Yuuko Goto, Shizuka Ishigami, Sumire Uesaka, Nozomi Yamamoto",Anime,"Why the Hell are You Here, Teacher!?",,2019.0,
147,veil,Keina Suda,Anime,Fire Force,,2019.0,
148,TIT FOR TAT,MYTH & ROID,Anime,The Hero is Overpowered but Overly Cautious,,2019.0,
149,forget-me-not,ReoNa,Anime,Sword Art Online: Alicization,,2019.0,
150,Zero Centimeters,Yuiko Ohara,Anime,Teasing Master Takagi-san: Season 2,,2019.0,
151,FAITH,MADKID,Anime,The Rising of the Shield Hero: Season 2,,2019.0,
152,Otome domo yo,CHiCO with HoneyWorks,Anime,Kaguya-sama: Love is War,,2019.0,
153,Chime,Ai Otsuka,Anime,Fruits Basket (2019),,2019.0,
154,HELLO to DREAM,Yuka Iguchi,Anime,Is It Wrong to Try to Pick Up Girls in a Dungeon?: Season 2,,2019.0,
155,Meguru Mono,Takuma Terashima,Anime,That Time I Got Reincarnated as a Slime,,2019.0,
156,RISE,MADKID,Anime,The Rising of the Shield Hero,,2019.0,
157,Grand Escape,RADWIMPS,Anime,Weathering With You,,2019.0,
158,Kaen,Ziyoou-vachi,Anime,Dororo,,2019.0,
159,Sentimental Crisis,halca,Anime,Kaguya-sama: Love is War,,2019.0,
160,Isekai Girls Talk,"Yumi Hara, Sora Amamiya, Rie Takahashi, Aoi Yuuki",Anime,Isekai Quartet,,2019.0,
161,Zettai Zetsumei,Co shu Nie,Anime,The Promised Neverland,,2019.0,
162,Houkago no Liberty,halca,Anime,We Never Learn,,2019.0,
163,Bon Kyu Bon wa Kare no Mono,Sumire Uesaka,Anime,"Why the Hell are you Here, Teacher?! ",,2019.0,
164,Little Soldier,Azusa Tadokoro,Anime,That Time I Got Reincarnated as a Slime,,2019.0,
165,FLARE,Void_Chords feat. LIO,Anime,Arifureta: From Commonplace to World's Strongest,,2019.0,
166,Negotiation,,Anime,,,2020.0,
167,Broken Sky,,Anime,,,2020.0,
168,Shinkai,,Anime,,,2020.0,
169,SPARK-AGAIN,,Anime,,,2020.0,
170,Star Marker,,Anime,,,2020.0,
171,Tomoshibi no Mani,Nao Toyama,Anime,Kakushigoto,,2020.0,
172,LOST IN PARADISE,,Anime,Jujutsu Kaisen,,2020.0,
173,Kokuhaku Bungee,,Anime,Rent-a-Girlfriend,,2020.0,
174,Kyuukyoku Unbalance,Afilia Saga,Anime,"BOFURI: I Don't Want to Get Hurt, so I'll Max Out My Defense.",,2020.0,
175,FIRST DROP,,Anime,Rent-a-Girlfriend,,2020.0,
176,WAKE UP HxEROS,,Anime,,,2020.0,
177,Torch of Liberty,,Anime,Fire Force,Season 2,2020.0,
178,Plunderer,Miku Itou,Anime,Plunderer,,2020.0,
179,Desire,,Anime,Fire Force,Season 2,2020.0,
180,BREAKING DAWN,,Anime,,,2020.0,
181,Megumi no Ame,,Anime,,,2020.0,
182,Tiny Light,,Anime,,,2020.0,
183,A Walk,,Anime,Black Clover,,2020.0,
184,homura,,Anime,,,2020.0,
185,Crossing Road,,Anime,,,2020.0,
186,Isekai Showtime,,Anime,,,2020.0,
187,Kimi To Iu Shinhwa,,Anime,,,2020.0,
188,Kaze Fukeba Tsukiyo no Hate ni,AOP,Anime,Tsugu Tsugumomo,,2020.0,
189,Kago no Naka ni Tori,,Anime,,,2020.0,
190,Centimeter,,Anime,,,2020.0,
191,Ready To,Sumire Morohoshi,Anime,BNA: Brand New Animal,,2020.0,
192,NEW ERA,,Anime,,,2020.0,
193,Nakayoshi!,,Anime,,,2020.0,
194,Kimi ni Aeta Hi,,Anime,,,2020.0,
195,Diamond Clarity,,Anime,,,2020.0,
196,PARADOX,Sora Amamiya,Anime,"Science Fell in Love, So I Tried to Prove It",,2020.0,
197,DREAMIN' ON,,Anime,,,2020.0,
198,Magic Words,Liyuu,Anime,Hatena Illusion,,2020.0,
199,Hero Too,,Anime,My Hero Academia,Season 5,2020.0,
200,Against.,,Anime,,,2020.0,
201,Tenkuu Cafeteria,,Anime,,,2020.0,
202,Kaikai Kitan,,Anime,,,2020.0,
203,DADDY! DADDY! DO!,,Anime,Kaguya-sama: Love is War,Season 2,2020.0,
204,Memento,,Anime,,,2020.0,
205,Nijiiro Passions!,,Anime,,,2020.0,
206,Kaze Fukeba Tsukiyo,,Anime,,,2020.0,
207,SLUMP,Stray Kids,Anime,Tower of God,,2020.0,
208,Turing Love,"Akari Nanawo, Sou",Anime,"Science Fell in Love, So I Tried to Prove It",,2020.0,
209,Let’s Go To Paradise,"Yuusuke Kobayashi, Junji Majima, Miyu Tomita",Anime,Interspecies Reviewers,,2020.0,
210,ID,,Anime,Fire Force,Season 2,2020.0,
211,Tsuki to Hoshizora,,Anime,Tonikaku Kawaii,,2020.0,
212,I will…,,Anime,Sword Art Online,Alicization,2020.0,
213,Anti world,,Anime,,,2020.0,
214,DiViNE,,Anime,,,2021.0,
215,Onnaji Kimochi.,,Anime,,,2021.0,
216,Wanna Fly?,,Anime,,,2021.0,
217,Jinsei Easy,,Anime,,,2021.0,
218,Like Flames,,Anime,,,2021.0,
219,give it back,,Anime,,,2021.0,
220,Kyoukaisen,,Anime,,,2021.0,
221,SHAKE! SHAKE!,,Anime,,,2021.0,
222,Yuke,,Anime,,,2021.0,
223,Kokoro Hayaru,,Anime,,,2021.0,
224,Only one yell,,Anime,,,2021.0,
225,ODDTAXI,,Anime,,,2021.0,
226,Shirushibi,,Anime,,,2021.0,
227,Otogibanashi no yo,,Anime,,,2021.0,
228,Zankoku na Yume to,,Anime,Redo of Healer,,2021.0,
229,flumpool - freeze,,Anime,,,2021.0,
230,Mahi,,Anime,,,2021.0,
231,Rinne,,Anime,,,2021.0,
232,takt,,Anime,,,2021.0,
233,Grandeur,,Anime,,,2021.0,
234,Susume! Mujina,,Anime,,,2021.0,
235,STACKiNG,,Anime,,,2021.0,
236,Only,,Anime,,,2021.0,
237,Colorful Canvas,,Anime,,,2021.0,
238,Shounen Shoujo,,Anime,,,2021.0,
239,Toumei na Sekai,,Anime,,,2021.0,
240,Hoshi no Orchestra,,Anime,,,2021.0,
241,in case…,,Anime,,,2021.0,
242,Tomedonai Shiosai,,Anime,,,2021.0,
243,Bouken no VLOG,,Anime,,,2021.0,
244,Wadachi,,Anime,,,2021.0,
245,Fuzaketenaize,,Anime,,,2021.0,
246,TWISTED HEARTS,,Anime,,,2021.0,
247,Pleasure,,Anime,,,2021.0,
248,Eden through the,,Anime,,,2021.0,
249,Rise Again,,Anime,,,2021.0,
250,EVERBLUE,Omoinotake,Anime,Blue Period,,2021.0,
251,Shirushi,,Anime,Kemono Jihen,,2021.0,
252,Mahou no Kaze,,Anime,,,2021.0,
253,101,,Anime,,,2021.0,
254,Zankoku Shangri-La,,Anime,,,2021.0,
255,Mahou,,Anime,,,2021.0,
256,gudafuwa everyday,,Anime,,,2021.0,
257,Role-Playing,,Anime,,,2021.0,
258,Bloodlines,,Anime,,,2021.0,
259,Ginsekai,,Anime,,,2021.0,
260,Magokoro ni Kana,,Anime,,,2021.0,
261,Cinderella,,Anime,Komi Can't Communicate,,2021.0,
262,Seishun no Enbu,,Anime,,,2021.0,
263,No.6,,Anime,,,2021.0,
264,Iro Kousui,,Anime,,,2021.0,
265,ABC Taisou!,,Anime,,,2021.0,
266,BURN,,Anime,,,2021.0,
267,Monochrome City,,Anime,,,2021.0,
268,Identity,,Anime,,,2021.0,
269,Sora to Utsuro,,Anime,,,2021.0,
270,Forever,,Anime,,,2021.0,
271,ReBorn,,Anime,,,2021.0,
272,Reincarnate,,Anime,,,2021.0,
273,6-tsuko no Tamashii,,Anime,,,2021.0,
274,Ashiato,,Anime,,,2021.0,
275,Koko Kara Saki wa,,Anime,,,2021.0,
276,Andante ni Koi wo,,Anime,,,2021.0,
277,Naughty Love,,Anime,,,2021.0,
278,BLIZZARD,,Anime,,,2021.0,
279,Believe in you,,Anime,,,2021.0,
280,Kodo,,Anime,,,2021.0,
281,No.1,,Anime,,,2021.0,
282,dawn,,Anime,,,2021.0,
283,"Tayutae, Nanairo",,Anime,,,2021.0,
284,WE ARE THE ONE,,Anime,,,2021.0,
285,Oz.,yama,Anime,Ranking of Kings,,2021.0,
286,harevutai,,Anime,,,2021.0,
287,Hikare Inochi,,Anime,,,2021.0,
288,Tough Heart,,Anime,,,2021.0,
289,Akeboshi,,Anime,,,2021.0,
290,AYASHIKU Get your,,Anime,,,2021.0,
291,DIES IN NO TIME,,Anime,,,2021.0,
292,Pyramid Daigyakuten,,Anime,,,2021.0,
293,Minikui Ikimono,,Anime,,,2021.0,
294,Analogy,,Anime,,,2021.0,
295,Glorious Days,,Anime,,,2021.0,
296,Different,,Anime,,,2021.0,
297,Nemophila,,Anime,,,2021.0,
298,Cobalt no Kodou,,Anime,,,2021.0,
299,Annoying! Sunsun,,Anime,,,2021.0,
300,Beautiful Day,,Anime,,,2021.0,
301,Chisana Kiseki,,Anime,,,2021.0,
302,Seija no Koushin,,Anime,,,2021.0,
303,MUSASHI,,Anime,,,2021.0,
304,3-pun 29-byou,,Anime,,,2021.0,
305,Dreaming Sound,,Anime,,,2021.0,
306,STONE OCEAN,,Anime,,,2021.0,
307,Hikaru Toki,,Anime,,,2021.0,
308,START!! True dreams,,Anime,,,2021.0,
309,Koukotsu Labyrinth,,Anime,,,2021.0,
310,Bursty Greedy Spider,,Anime,,,2021.0,
311,New Challenger,,Anime,,,2021.0,
312,Seize The Day,,Anime,,,2021.0,
313,Eien no Aria,,Anime,,,2021.0,
314,Umi to Shinjuu,,Anime,,,2021.0,
315,Kemonomichi,,Anime,,,2021.0,
316,New story,,Anime,,,2021.0,
317,PINK BLOOD,,Anime,,,2021.0,
318,Sudachi no Uta,,Anime,,,2021.0,
319,Moonlight Walk,,Anime,,,2021.0,
320,Ai no Supreme!,,Anime,,,2021.0,
321,Cry Baby,,Anime,,,2021.0,
322,Hashire!,,Anime,,,2021.0,
323,EVERYBODY!,,Anime,,,2021.0,
324,Red Criminal,,Anime,,,2021.0,
325,Hi no Tsuki,,Anime,,,2021.0,
326,Tobira wo Aketara,,Anime,,,2021.0,
327,THE POLiCY,,Anime,,,2021.0,
328,Force,,Anime,,,2021.0,
329,Taiga ya Tomo ni,,Anime,,,2021.0,
330,keep weaving your,,Anime,,,2021.0,
331,Kamigami,,Anime,,,2021.0,
332,Brand new diary,,Anime,,,2021.0,
333,Paradise,,Anime,,,2021.0,
334,EXIST,,Anime,,,2021.0,
335,My War,Shinsei Kamattechan,Anime,Attack on Titan,The Final Season,2021.0,
336,Koko de Ikiteru,,Anime,,,2021.0,
337,Ashita Kitto,,Anime,,,2021.0,
338,LEADER,,Anime,,,2021.0,
339,DICE,,Anime,,,2021.0,
340,Ashita no Hanatachi,,Anime,,,2021.0,
341,Open the GATE,,Anime,,,2021.0,
342,Koko de Iki wo Shite,,Anime,,,2021.0,
343,Mienai kara ne?!,,Anime,,,2021.0,
344,Muchuu no Saki e,,Anime,,,2021.0,
345,FACTION,,Anime,,,2021.0,
346,Inochi no Tomoshibi,,Anime,,,2021.0,
347,Tatoeba Sore wa,,Anime,,,2021.0,
348,VIVID VICE,,Anime,,,2021.0,
349,HELLO HORIZON,,Anime,,,2021.0,
350,Chase the core,,Anime,,,2021.0,
351,Storyteller,,Anime,,,2021.0,
352,NAMELY,,Anime,,,2021.0,
353,YURA YURA,,Anime,,,2021.0,
354,Get up! Shout!,,Anime,,,2021.0,
355,Treasure Pleasure,,Anime,,,2021.0,
356,Nai Nai,,Anime,,,2021.0,
357,Soul salvation,,Anime,,,2021.0,
358,Tabibito no Uta,,Anime,,,2021.0,
359,Sense,,Anime,,,2021.0,
360,MACHINEGUN,,Anime,,,2021.0,
361,Imperfect,,Anime,,,2021.0,
362,PUPPET'S,,Anime,,,2021.0,
363,Eclipse,,Anime,,,2021.0,
364,Lady Go,,Anime,,,2021.0,
365,Seimei no Aria,,Anime,,,2021.0,
366,Yuuri - Infinity,,Anime,,,2021.0,
367,Hikari Are,,Anime,,,2021.0,
368,Senryakuteki de,,Anime,,,2021.0,
369,BELIEVE MYSELF,,Anime,,,2021.0,
370,Yume wo Kakeru,,Anime,,,2021.0,
371,Chance and Revenge,,Anime,,,2021.0,
372,Endeavor,,Anime,,,2021.0,
373,Merry-Go-Round,,Anime,,,2021.0,
374,Dream hopper,,Anime,,,2021.0,
375,EASY LOVE,,Anime,,,2021.0,
376,Time Factor,,Anime,,,2021.0,
377,Beautiful,,Anime,,,2021.0,
378,Kemono no Kotowari,,Anime,,,2021.0,
379,Forget Me Not,,Anime,,,2021.0,
380,BANG,,Anime,,,2021.0,
381,Tsugihagi Moyou,,Anime,,,2021.0,
382,Plastic Smile,,Anime,,,2021.0,
383,Icy Ivy,,Anime,,,2021.0,
384,No! No! Satisfaction,,Anime,,,2021.0,
385,GO! GO! Saibou Festa,,Anime,,,2021.0,
386,Hatsukoi,,Anime,,,2021.0,
387,Otome no Kokoroe,,Anime,,,2021.0,
388,Mangetsu to,,Anime,,,2021.0,
389,Dark seeks light,,Anime,,,2021.0,
390,Life Is Cider,,Anime,,,2021.0,
391,EVOLUTiON,,Anime,,,2021.0,
392,Blessing,,Anime,,,2021.0,
393,enemy,,Anime,,,2021.0,
394,Maid With Dragons,,Anime,,,2021.0,
395,Gotoubun no Katachi,,Anime,,,2021.0,
396,FIRE BIRD,,Anime,,,2021.0,
397,Saika,,Anime,,,2021.0,
398,Give It Up?,,Anime,,,2021.0,
399,Sing My Pleasure,,Anime,,,2021.0,
400,AMBITIOUS GOAL,,Anime,,,2021.0,
401,Rakuen,Fujifabric,Anime,Dr. Stone,Season 2,2021.0,
402,Long shot,,Anime,,,2021.0,
403,Shake & Shake,,Anime,Pretty Boy Detective,,2021.0,
404,Petals,,Anime,,,2021.0,
405,Jiyuu no Kuchizuke,,Anime,,,2021.0,
406,Kaibutsu,,Anime,,,2021.0,
407,Shimi,,Anime,,,2021.0,
408,Senya Souka,,Anime,,,2021.0,
409,ZEAL of Proud,,Anime,,,2021.0,
410,Baddest,,Anime,,,2021.0,
411,Omoide Shiritori,,Anime,,,2021.0,
412,Gamble,,Anime,,,2021.0,
413,Ai no Katachi,,Anime,,,2021.0,
414,Answer,,Anime,,,2021.0,
415,"Fight Oh, Fight!",,Anime,,,2021.0,
416,BAKU,,Anime,,,2021.0,
417,Kaze to Iku Michi,,Anime,,,2021.0,
418,No Continue,,Anime,,,2021.0,
419,The Sacred Torch,,Anime,,,2021.0,
420,Keshou,,Anime,,,2021.0,
421, Seikatsu Konkyuu,,Anime,,,2021.0,
422,Fever Dreamer,,Anime,,,2021.0,
423,Mirai no Hero Taichi,,Anime,,,2022.0,
424,Start Line,,Anime,,,2022.0,
425,Himitsu Koi Gokoro,,Anime,,,2022.0,
426,Yofukashi no Uta,,Anime,,,2022.0,
427,Akuma no Ko,,Anime,,,2022.0,
428,Hajimari e To Tsuzuk,,Anime,,,2022.0,
429,Hana no Tou,,Anime,,,2022.0,
430,Tear of Will,,Anime,,,2022.0,
431,Sandersonia,,Anime,,,2022.0,
432,"Ready, Set, Go!!",,Anime,,,2022.0,
433,UNDEAD-NOID,,Anime,,,2022.0,
434,Jouzai,,Anime,,,2022.0,
435,Paper Bouquet,,Anime,,,2022.0,
436,Last Straw,,Anime,,,2022.0,
437,Bubble,,Anime,,,2022.0,
438,WONDERFUL WORLD,,Anime,,,2022.0,
439,Narihibiku kagiri,,Anime,,,2022.0,
440,Like That,,Anime,,,2022.0,
441,Shin Jidai,,Anime,,,2022.0,
442,Dreamy Life,,Anime,,,2022.0,
443,Make Up Life,,Anime,,,2022.0,
444,PAINT,,Anime,,,2022.0,
445,SOUVENIR,,Anime,,,2022.0,
446,San San Days,,Anime,,,2022.0,
447,Niji to Kaito,,Anime,,,2022.0,
448,"Ah, My Romantic",,Anime,,,2022.0,
449,Bring Back,,Anime,,,2022.0,
450,Silent Minority,,Anime,,,2022.0,
451,Historia,,Anime,,,2022.0,
452,Zankyou Sanka,,Anime,,,2022.0,
453,Maybe Baby,,Anime,,,2022.0,
454,WITH,,Anime,,,2022.0,
455,Growing Up,,Anime,,,2022.0,
456,Renai Nou,,Anime,,,2022.0,
457,LilaS,,Anime,,,2022.0,
458,Real-Eyes,,Anime,,,2022.0,
459,ALIVE,ClariS,Anime,,,2022.0,
460,Never the Fever!!,,Anime,,,2022.0,
461,Kirarirari,,Anime,,,2022.0,
462,first death,,Anime,,,2022.0,
463,Tensei Shitara ken,,Anime,,,2022.0,
464,Heaven's falling down,,Anime,,,2022.0,
465,Face2,,Anime,,,2022.0,
466,Orgel,,Anime,,,2022.0,
467,Leap of Faith,,Anime,,,2022.0,
468,Kakehiki wa Poker,,Anime,,,2022.0,
469,Arekore Drastic,,Anime,,,2022.0,
470,Sumire,,Anime,,,2022.0,
471,Be the HERO,,Anime,,,2022.0,
472,Queens Bluff,,Anime,,,2022.0,
473,Marukoppa Tachi,,Anime,,,2022.0,
474,Fight Song,,Anime,,,2022.0,
475,Gotoubun no Kiseki,,Anime,,,2022.0,
476,Love-Evidence,,Anime,,,2022.0,
477,On Your Way,,Anime,,,2022.0,
478,Hajimari no Setsuna,,Anime,,,2022.0,
479,Daten,,Anime,,,2022.0,
480,The Warrior,,Anime,,,2022.0,
481,Ichizu,,Anime,,,2022.0,
482,Hitamuki,,Anime,,,2022.0,
483,Shooting Star,,Anime,,,2022.0,
484,Tin Toy Melody,,Anime,,,2022.0,
485,CHAINSAW BLOOD,,Anime,,,2022.0,
486,Dance in the Game,,Anime,,,2022.0,
487,"Feel You, Heal You",,Anime,,,2022.0,
488,GIRI GIRI,,Anime,,,2022.0,
489,Papersky,,Anime,,,2022.0,
490,Julietta,,Anime,,,2022.0,
491,Happy Life,,Anime,,,2022.0,
492,Haruka Kaluta,,Anime,,,2022.0,
493,Wonder Starter,,Anime,,,2022.0,
494,Oarana,,Anime,,,2022.0,
495,Time Left,Zanki,Anime,,,2022.0,
496,Seeking the truth,,Anime,,,2022.0,
497,MY STARWAY,,Anime,,,2022.0,
498,Koshaberi Byori,,Anime,,,2022.0,
499,Prologue,,Anime,,,2022.0,
500,Tomorrow's Diary,,Anime,,,2022.0,
501,Daylight,,Anime,,,2022.0,
502,ONE,,Anime,,,2022.0,
503,Nightholic,,Anime,,,2022.0,
504,WE WILL!!,,Anime,,,2022.0,
505,Kami no Hotoke mo,,Anime,,,2022.0,
506,Lost Princess,,Anime,,,2022.0,
507,BROKEN IDENTITY,,Anime,,,2022.0,
508,Make Believe,,Anime,,,2022.0,
509,3,NOILION,Anime,,,2022.0,
510,Change the World,,Anime,,,2022.0,
511,Kaze no Oto Sae,,Anime,,,2022.0,
512,dust,,Anime,,,2022.0,
513,Make Me Feel Better,,Anime,,,2022.0,
514,HOLLOW HUNGER,,Anime,,,2022.0,
515,I Really Want To Stay,,Anime,,,2022.0,
516,Seishun Complex,,Anime,,,2022.0,
517,Deep down,,Anime,,,2022.0,
518,dawn of infinity,,Anime,,,2022.0,
519,Colorful Dreams! CS!,,Anime,,,2022.0,
520,Kurenazumu Yakuso,,Anime,,,2022.0,
521,Be My Friend!!!,,Anime,,,2022.0,
522,Oath,,Anime,,,2022.0,
523,BUCCHIGIRE!,,Anime,,,2022.0,
524,Abracada-Boo,,Anime,,,2022.0,
525,Koi no Yukue,,Anime,,,2022.0,
526,Mixed Nuts,,Anime,,,2022.0,
527,SPARKLE,,Anime,,,2022.0,
528,Beyond Selves,,Anime,,,2022.0,
529,CATASTROPHE,,Anime,,,2022.0,
530,OveR,,Anime,,,2022.0,
531,Happy Encount,,Anime,,,2022.0,
532,Step Up,,Anime,,,2022.0,
533,Shinzou,,Anime,,,2022.0,
534,PHOENIX PRAYER,,Anime,,,2022.0,
535,Sakayume,,Anime,,,2022.0,
536,Hikari,,Anime,,,2022.0,
537,SKETCH,,Anime,,,2022.0,
538,Musouteki Chronicle,,Anime,,,2022.0,
539,Hito Shibai,,Anime,,,2022.0,
540,FLOW - GOLD,,Anime,,,2022.0,
541,The Rumbling,,Anime,,,2022.0,
542,Gunjou Love theory,,Anime,,,2022.0,
543,Demachiyanagi,,Anime,,,2022.0,
544,Pilot,,Anime,,,2022.0,
545,Isshin Douta,,Anime,,,2022.0,
546,MYSTERIOUS,,Anime,,,2022.0,
547,TRISTAR (Remix),,Anime,,,2022.0,
548,NEVER SAY GOODBYE,,Anime,,,2022.0,
549,Move The Soul,,Anime,,,2022.0,
550,LEVEL,,Anime,,,2022.0,
551,Kaika,,Anime,,,2022.0,
552,Kigeki,,Anime,,,2022.0,
553,Eclipse,,Anime,,,2022.0,
554,Glitter,,Anime,,,2022.0,
555,Shingan,,Anime,,,2022.0,
556,Eiyuu no Uta,,Anime,,,2022.0,
557,"Tsukamaete, Konya.",,Anime,,,2022.0,
558,Jellyfish na Kimi e,,Anime,,,2022.0,
559,BLACK&WHITE,,Anime,,,2022.0,
560,Your Name,,Anime,,,2022.0,
561,Scar,,Anime,,,2022.0,
562,Tentou,,Anime,,,2022.0,
563,Hadaka no Yuusha,,Anime,,,2022.0,
564,Ichigo Ichie,,Anime,,,2022.0,
565,SPARKLES,,Anime,,,2022.0,
566,Shiranakya,,Anime,,,2022.0,
567,Hito Nanda,,Anime,,,2022.0,
568,Mabataki,,Anime,,,2022.0,
569,"Fantasy ""To!""",,Anime,,,2022.0,
570,Who said we are i?,,Anime,,,2022.0,
571,Sun is Coming Up,,Anime,,,2022.0,
572,BRAVE MAKER,,Anime,,,2022.0,
573,Mushin Pakusu,,Anime,,,2022.0,
574,Chaos ga Kiwamaru,,Anime,,,2022.0,
575,Ignition!!!,,Anime,,,2022.0,
576,Hoshi ga Oyogu,,Anime,,,2022.0,
577,Shinkirou,,Anime,,,2022.0,
578,AO 100 SYOKU,,Anime,,,2022.0,
579,"Aimasa, Koufukuron",,Anime,,,2022.0,
580,Haru Tsubame,,Anime,,,2022.0,
581,Cheers! Depapre,,Anime,,,2022.0,
582,Highlight Highlight,,Anime,,,2022.0,
583,PSYCHO-LOGY,,Anime,,,2022.0,
584,In the Backroom,,Anime,,,2022.0,
585,Kyoumei,,Anime,,,2022.0,
586,Touch of Hope,,Anime,,,2022.0,
587,Chasing the Dream,,Anime,,,2022.0,
588,Fly High,,Anime,,,2022.0,
589,Daydream Believer,,Anime,,,2022.0,
590,Love? Reason why!!,,Anime,,,2022.0,
591,Break out,,Anime,,,2022.0,
592,Aiue,,Anime,,,2022.0,
593,Koi wa Explosion,,Anime,,,2022.0,
594,Shikisai,,Anime,,,2022.0,
595,Akatsuki no Salaryman,,Anime,,,2022.0,
596,1 SEPTILLION LOVE,,Anime,,,2022.0,
597,Cherish,,Anime,,,2022.0,
598,JUST DO IT,,Anime,,,2022.0,
599,I can fly,,Anime,,,2022.0,
600,Tick-Tock,,Anime,,,2022.0,
601,Kyorikan,,Anime,,,2022.0,
602,ROMA☆KIRA,,Anime,,,2022.0,
603,Hajimaru Welcome,,Anime,,,2022.0,
604,Magic x Color,,Anime,,,2022.0,
605,Bibitto Love,,Anime,,,2022.0,
606,HIGHEST,,Anime,,,2022.0,
607,Break it down,,Anime,,,2022.0,
608,ray,,Anime,,,2022.0,
609,Heart wa Oteage,,Anime,,,2022.0,
610,Good Morning (New),,Anime,,,2022.0,
611,Midnight Dancer,,Anime,,,2022.0,
612,Melodic Road Movie,,Anime,,,2022.0,
613,BLAZE,,Anime,,,2022.0,
614,Mujikaku no Tensai,,Anime,,,2022.0,
615,BAD CANDY,,Anime,,,2022.0,
616,story,,Anime,,,2022.0,
617,Massugu,,Anime,,,2022.0,
618,TRUE FOOL LOVE,,Anime,,,2022.0,
619,Love is Show,,Anime,,,2022.0,
620,Special Force,,Anime,,,2022.0,
621,Seishun Kippu,,Anime,,,2022.0,
622,DELICIOUS HAPPY,,Anime,,,2022.0,
623,EGOIST - Gold,,Anime,,,2022.0,
624,Bloody Power Fame,,Anime,,,2022.0,
625,Tokimeki Rendezvous,,Anime,,,2022.0,
626,Shall We Dance?,,Anime,,,2022.0,
627,KICK BACK,,Anime,,,2022.0,
628,Dekoboko,,Anime,,,2022.0,
629,Everything Goes On,,Anime,,,2022.0,
630,Girigiri Ride it out,,Anime,,,2022.0,
631,ENISHI,,Anime,,,2022.0,
632,Kyoukansarenakute,,Anime,,,2022.0,
633,Ano Hi no Kotoba,,Anime,,,2022.0,
634,Honey Jet Coaster,,Anime,,,2022.0,
635,Ren ai shi ma sen ka,,Anime,,,2022.0,
636,Yajirushi,,Anime,,,2022.0,
637,Let's ZING!,,Anime,,,2022.0,
638,LEMONADE,,Anime,,,2022.0,
639,Venus Line,,Anime,,,2022.0,
640,Alive,,Anime,,,2022.0,
641,kaleido proud fiesta,,Anime,,,2022.0,
642,Deneb and Spica,,Anime,,,2022.0,
643,Hanarenai Kyori,,Anime,,,2022.0,
644,Nani ga warui,,Anime,,,2022.0,
645,Kudaranee na,,Anime,,,2022.0,
646,Flare,,Anime,,,2022.0,
647,Ichigo Ichie Celeb,,Anime,,,2022.0,
648,Atamannaka DEAD END,,Anime,,,2022.0,
649,Akatsuki wo Ute,,Anime,,,2022.0,
650,ASEED,,Anime,,,2022.0,
651,Omoi Nochi Hare,,Anime,,,2022.0,
652,Cat!! shite SuperGirls,,Anime,,,2022.0,
653,Strike It Out,,Anime,,,2022.0,
654,Dainouteki na R,,Anime,,,2022.0,
655,Rana,,Anime,,,2022.0,
656,My Nonfiction,,Anime,,,2022.0,
657,Private Eye,,Anime,,,2022.0,
658,Katachi,,Anime,,,2022.0,
659,Keep going,,Anime,,,2022.0,
660,Work Out!,,Anime,,,2022.0,
661,"Ware, Bara ni Insu",,Anime,,,2022.0,
662,Ladder,,Anime,,,2022.0,
663,Gen'ai Yuugi,,Anime,,,2022.0,
664,selfish,,Anime,,,2022.0,
665,Natsuyume Noisy,,Anime,,,2022.0,
666,"Su, Suki Janai!",,Anime,,,2022.0,
667,This Fading Blue,,Anime,,,2022.0,
668,Presence,,Anime,,,2022.0,
669,geki,,Anime,,,2022.0,
670,Overload,,Anime,,,2022.0,
671,Maid Daikaiten,,Anime,,,2022.0,
672,Ao Raid,,Anime,,,2022.0,
673,Blush,,Anime,,,2022.0,
674,VOLTAGE,,Anime,,,2022.0,
675,Onipapapan! Pan!,,Anime,,,2022.0,
676,Shitsuren Song,,Anime,,,2022.0,
677,VISIONS,,Anime,,,2022.0,
678,Darekare Scramble,,Anime,,,2022.0,
679,Shukufuku,YOASOBI,Anime,Mobile Suit Gundam,Witch of the Mercury,2022.0,
680,Chitty Chitty Bang,,Anime,,,2022.0,
681,Dokidoki Idea wo Y,,Anime,,,2022.0,
682,TOP OF THE LAUGH,,Anime,,,2022.0,
683,Gyoukou,,Anime,,,2022.0,
684,Double Shuffle,,Anime,,,2022.0,
685,Infinite,,Anime,,,2022.0,
686,WONDER LIGHT,,Anime,,,2022.0,
687,Faith,,Anime,,,2022.0,
688,Suzume,,Anime,,,2022.0,
689,This fffire,,Anime,,,2022.0,
690,Preview,,Anime,,,2023.0,
691,See You Again,,Anime,,,2023.0,
692,Feel Alive,,Anime,,,2023.0,
693,Koigoromo,,Anime,,,2023.0,
694,Dystopia,,Anime,,,2023.0,
695,Whatcha Gonna Do?,,Anime,,,2023.0,
696,Bonno ☆ Paradise,,Anime,,,2023.0,
697,Unmei Kyoudoutai!,,Anime,,,2023.0,
698,Shayou,,Anime,,,2023.0,
699,kaleidoscope,,Anime,,,2023.0,
700,Touka,,Anime,,,2023.0,
701,About a Rock n' Roll,,Anime,,,2023.0,
702,Bug-chan,,Anime,,,2023.0,
703,KAREI ONE TURN,,Anime,,,2023.0,
704,Shiawase,,Anime,,,2023.0,
705,Yuuma ga Doki,,Anime,,,2023.0,
706,RISE FROM DEAD,,Anime,,,2023.0,
707,Ten to Sen,,Anime,,,2023.0,
708,GET BACK,,Anime,,,2023.0,
709,Sign wa B,,Anime,,,2023.0,
710,Yuusha,,Anime,,,2023.0,
711,Dramatic ni Koi Shitai,,Anime,,,2023.0,
712,Fanfare,,Anime,,,2023.0,
713,Cantabile,,Anime,,,2023.0,
714,ACHE in PULSE,,Anime,,,2023.0,
715,Never Say Goodbye,,Anime,,,2023.0,
716,Hana ni Natte,,Anime,,,2023.0,
717,Hello,,Anime,,,2023.0,
718,Uryou Mou ni wa,,Anime,,,2023.0,
719,Bokura no,,Anime,,,2023.0,
720,LOVE CRAZY,,Anime,,,2023.0,
721,Paraglider,,Anime,,,2023.0,
722,Telepath,,Anime,,,2023.0,
723,Stand By Me,,Anime,,,2023.0,
724,Setsuna no Chikai,,Anime,,,2023.0,
725,Kizutsu kedo,,Anime,,,2023.0,
726,GOLD,,Anime,,,2023.0,
727,Dash and Go!,,Anime,,,2023.0,
728,Hikatta Coin ga,,Anime,,,2023.0,
729,Last Scene,,Anime,,,2023.0,
730,Rurou no Katashiro,,Anime,,,2023.0,
731,Shinda!,,Anime,,,2023.0,
732,ZOOM ZOOM,,Anime,,,2023.0,
733,Amaryllis,,Anime,,,2023.0,
734,SIN,,Anime,,,2023.0,
735,Shukuen,,Anime,,,2023.0,
736,Anytime Anywhere,,Anime,,,2023.0,
737,Here I Stand,,Anime,,,2023.0,
738,S9aiR,,Anime,,,2023.0,
739,One Room Adventure,,Anime,,,2023.0,
740,Renai Miri Film,,Anime,,,2023.0,
741,Clear,,Anime,,,2023.0,
742,halo,,Anime,,,2023.0,
743,Semisweet Afternoon,,Anime,,,2023.0,
744,First Greeting,,Anime,,,2023.0,
745,UP TO ME!,,Anime,,,2023.0,
746,Dear Shine Sky,,Anime,,,2023.0,
747,Musical,,Anime,,,2023.0,
748,Akari,,Anime,,,2023.0,
749,Suki ni Naccha Dame,,Anime,,,2023.0,
750,Trickster,,Anime,,,2023.0,
751,Kakuriyo,,Anime,,,2023.0,
752,NAME,,Anime,,,2023.0,
753,"Please, please!",,Anime,,,2023.0,
754,Zeitakuna saji,,Anime,,,2023.0,
755,Himitsu Melody,,Anime,,,2023.0,
756,Netsuretsu Love Call,,Anime,,,2023.0,
757,Raise Y/Our Hands!!,,Anime,,,2023.0,
758,Paranoid,,Anime,,,2023.0,
759,Hyper,,Anime,,,2023.0,
760,Kanae - Tailwind,,Anime,,,2023.0,
761,Ta ga Tame,,Anime,,,2023.0,
762,Never say Never,,Anime,,,2023.0,
763,Scrap Art,,Anime,,,2023.0,
764,VORTEX,,Anime,,,2023.0,
765,Alcor to Polaris,,Anime,,,2023.0,
766,Bokura no Spectra,,Anime,,,2023.0,
767,Perfect World!!,,Anime,,,2023.0,
768,Magic Writer,,Anime,,,2023.0,
769,Chase Me,,Anime,,,2023.0,
770,Yotogibanashi,,Anime,,,2023.0,
771,Kieru Made,,Anime,,,2023.0,
772,65535,,Anime,,,2023.0,
773,Ao no Sumika,,Anime,,,2023.0,
774,Kenka,,Anime,,,2023.0,
775,Tomoshibi,,Anime,,,2023.0,
776,Real Diamond,,Anime,,,2023.0,
777,Hiten,,Anime,,,2023.0,
778,Shine In The Sky,,Anime,,,2023.0,
779,Crack Crack Crackle,,Anime,,,2023.0,
780,Hengen Jizai,,Anime,,,2023.0,
781,Jekyll & Hyde,,Anime,,,2023.0,
782,IDEN TEI TEI MELTDOWN,,Anime,,,2023.0,
783,Koimeguri,,Anime,,,2023.0,
784,Tetsu no Ori,,Anime,,,2023.0,
785,Mellow,,Anime,,,2023.0,
786,innocent arrogance,,Anime,,,2023.0,
787,escalate,,Anime,,,2023.0,
788,bloom,,Anime,,,2023.0,
789,NEW DRAMA PARADISE,,Anime,,,2023.0,
790,Happy End Princess,,Anime,,,2023.0,
791,Maihime,,Anime,,,2023.0,
792,It's My Soul,,Anime,,,2023.0,
793,Way to Go,,Anime,,,2023.0,
794,Gift (Oishi),,Anime,,,2023.0,
795,Kodoku no Saibou,,Anime,,,2023.0,
796,Watashi ga Warau,,Anime,,,2023.0,
797,Nascent Sacrifice,,Anime,,,2023.0,
798,FAKEit,,Anime,,,2023.0,
799,Hikari to Kaze,,Anime,,,2023.0,
800,Paradox,,Anime,,,2023.0,
801,MOTIVE RAIN,,Anime,,,2023.0,
802,Hikari no Nai Machi,,Anime,,,2023.0,
803,MY SADISTIC ADO,,Anime,,,2023.0,
804,Nisen-nen...,,Anime,,,2023.0,
805,Broken Games,,Anime,,,2023.0,
806,Space Cat Big Bang,,Anime,,,2023.0,
807,Kura Kura,,Anime,,,2023.0,
808,Kaibutsu,,Anime,,,2023.0,
809,Haruka,,Anime,,,2023.0,
810,TRUE STORY,,Anime,,,2023.0,
811,Never Fear,,Anime,,,2023.0,
812,Ai no Uta,,Anime,,,2023.0,
813,FROZEN MIDNIGHT,,Anime,,,2023.0,
814,Evolution,,Anime,,,2023.0,
815,Kimi to Revue,,Anime,,,2023.0,
816,LOVE INFINITY,,Anime,,,2023.0,
817,Saigo no Kyojin,,Anime,,,2023.0,
818,Naite Iinda,,Anime,,,2023.0,
819,Judgement,,Anime,,,2023.0,
820,UNDER THE TREE,SiM,Anime,,,2023.0,
821,No Frontier,,Anime,,,2023.0,
822,Unraveling Love,,Anime,,,2023.0,
823,URL,,Anime,,,2023.0,
824,Anthlopos,,Anime,,,2023.0,
825,TRY-RY-RY,,Anime,,,2023.0,
826,Scrap & Build,,Anime,,,2023.0,
827,Kizuna no kiseki,,Anime,,,2023.0,
828,Inochibi,,Anime,,,2023.0,
829,Entertainment,,Anime,,,2023.0,
830,R.I.P.,,Anime,,,2023.0,
831,Nemuresareta Line,,Anime,,,2023.0,
832,Hana no Youni,,Anime,,,2023.0,
833,Rat a Tat!!!,,Anime,,,2023.0,
834,STAY FREE,,Anime,,,2023.0,
835,Beyond,,Anime,,,2023.0,
836,RAYTRACER,,Anime,,,2023.0,
837,Sugar Doughnuts,,Anime,,,2023.0,
838,Surprise,,Anime,,,2023.0,
839,Soul Galaxy,,Anime,,,2023.0,
840,Anata no Soba ni,,Anime,,,2023.0,
841,REALIZE,,Anime,,,2023.0,
842,HELP,,Anime,,,2023.0,
843,...and Rescue Me,,Anime,,,2023.0,
844,Prove,,Anime,,,2023.0,
845,slash,,Anime,,,2023.0,
846,Down Timer,,Anime,,,2023.0,
847,Hare Nochi Hallelujah,,Anime,,,2023.0,
848,alexithymiaspare,,Anime,,,2023.0,
849,Love You Tender,,Anime,,,2023.0,
850,Kimi to no Mirai,,Anime,,,2023.0,
851,Accelerate,,Anime,,,2023.0,
852,Unknown no Shikisai,,Anime,,,2023.0,
853,Believe it leap,,Anime,,,2023.0,
854,Red Liberation,,Anime,,,2023.0,
855,Knock Out,,Anime,,,2023.0,
856,MAGICAL DESTROY,,Anime,,,2023.0,
857,Mephisto,,Anime,,,2023.0,
858,1000-nen Ai,,Anime,,,2023.0,
859,WORK,,Anime,,,2023.0,
860,DAY1,,Anime,,,2023.0,
861,Kurae! Telepathy,,Anime,,,2023.0,
862,Daidaidaidaisuki,,Anime,,,2023.0,
863,RAYS,,Anime,,,2023.0,
864,Koisekai,,Anime,,,2023.0,
865,Song of the Dead,,Anime,,,2023.0,
866,Kien Romance,,Anime,,,2023.0,
867,Gyakuten geki,,Anime,,,2023.0,
868,HYSTERIC CARAVAN,,Anime,,,2023.0,
869,Koi! Koi! Koi!,,Anime,,,2023.0,
870,SEIEN,,Anime,,,2023.0,
871,Gekkouyoku,,Anime,,,2023.0,
872,Warauna!,,Anime,,,2023.0,
873,Itsu Aetara,,Anime,,,2023.0,
874,ikenai fool logic,,Anime,,,2023.0,
875,Gradation,,Anime,,,2023.0,
876,I Wanna Muchuu,,Anime,,,2023.0,
877,Sen,,Anime,,,2023.0,
878,Soshite minna no,,Anime,,,2023.0,
879,RECONNECTION,,Anime,,,2023.0,
880,my star,,Anime,,,2023.0,
881,The Beast,,Anime,,,2023.0,
882,The story so far,,Anime,,,2023.0,
883,HONEY,,Anime,,,2023.0,
884,mirAI wave!,,Anime,,,2023.0,
885,RUDE LOSE DANCE,,Anime,,,2023.0,
886,Glorious World,,Anime,,,2023.0,
887,SURVIVE,,Anime,,,2023.0,
888,plan,,Anime,,,2023.0,
889,Kitakaze,,Anime,,,2023.0,
890,Todome no Ichigeki,,Anime,,,2023.0,
891,STARS,,Anime,,,2023.0,
892,PLANETARIA,,Anime,,,2023.0,
893,Usotsuki,,Anime,,,2023.0,
894,Runaway World,,Anime,,,2023.0,
895,RAISE INSIGHT,,Anime,,,2023.0,
896,White Noise,,Anime,,,2023.0,
897,Winner Win!,,Anime,,,2023.0,
898,Action,,Anime,,,2023.0,
899,Nero,,Anime,,,2023.0,
900,As One,,Anime,,,2023.0,
901,ROAR,,Anime,,,2023.0,
902,New frame,,Anime,,,2023.0,
903,ENDLESS LABYRINTH,,Anime,,,2023.0,
904,Say My Name,,Anime,,,2023.0,
905,The Peak,,Anime,,,2023.0,
906,Gotoubun no Mirai,,Anime,,,2023.0,
907,Break Together,,Anime,,,2023.0,
908,Ashita no Katachi,,Anime,,,2023.0,
909,Wasuregataki,,Anime,,,2023.0,
910,grayscale dominator,,Anime,,,2023.0,
911,Shikou,,Anime,,,2023.0,
912,River,,Anime,,,2023.0,
913,Glorious Moment,,Anime,,,2023.0,
914,SHINY,,Anime,,,2023.0,
915,Gift (Myuk),,Anime,,,2023.0,
916,Raise,,Anime,,,2023.0,
917,LOVE NO HATE,,Anime,,,2023.0,
918,I wish,,Anime,,,2023.0,
919,Collection,,Anime,,,2023.0,
920,Brand new day,,Anime,,,2023.0,
921,Luck Life – ℃,,Anime,,,2023.0,
922,Ta ga Tame,,Anime,,,2023.0,
923,Luck Life - Shirushi,,Anime,,,2023.0,
924,SHOCK!,Ayase,Anime,,,2023.0,
925,Hitoshizuku,,Anime,,,2023.0,
926,Megamorfoze,,Anime,,,2023.0,
927,Dokimeki Diary,,Anime,,,2023.0,
928,CHANGEMAKER,,Anime,,,2023.0,
929,TOMBI,,Anime,,,2023.0,
930,Rakuen,,Anime,,,2023.0,
931,Natsuake,,Anime,,,2023.0,
932,"Kono Tate ni, Kakuremasu.",,Anime,,,2023.0,
933,Kyuuseishu,,Anime,,,2023.0,
934,Starting Over,,Anime,,,2023.0,
935,Black Crack,,Anime,,,2023.0,
936,Dramatic ja Nakute,,Anime,,,2023.0,
937,THE LONELIEST,,Anime,,,2023.0,
938,Unite up!,,Anime,,,2023.0,
939,Continue Distortion,,Anime,,,2023.0,
940,spiral,,Anime,,,2023.0,
941,Wanna Be Star!,,Anime,,,2023.0,
942,ZERO ICHI,,Anime,,,2023.0,
943,Quiet explosion,,Anime,,,2023.0,
944,Ibitsu no Kotoba,,Anime,,,2023.0,
945,Tokimeki,,Anime,,,2023.0,
946,un_mute,,Anime,,,2023.0,
947,Gyakkyou Fuwaku,,Anime,,,2023.0,
948,Tonari Awase,,Anime,,,2023.0,
949,RISE UP,,Anime,,,2023.0,
950,Neppu wa Rutensuru,,Anime,,,2023.0,
951,Reset Life?,,Anime,,,2023.0,
952,Bleed My Heart,,Anime,,,2023.0,
953,Dear,,Anime,,,2023.0,
954,Flower Ring,,Anime,,,2023.0,
955,Bokura wa Genius,,Anime,,,2023.0,
956,Setsugetsu Fuuka,,Anime,,,2023.0,
957,Shiny Girl,,Anime,,,2023.0,
958,more than words,,Anime,,,2023.0,
959,Ayakashi,,Anime,,,2023.0,
960,Arc-en-ciel,,Anime,,,2023.0,
961,IDOL,,Anime,,,2023.0,
962,Golden Ray,,Anime,,,2023.0,
963,katagiri - Tailwind,,Anime,,,2023.0,
964,Here is,,Anime,,,2023.0,
965,Ambivalent,,Anime,,,2024.0,
966,Sound of Snow,,Anime,,,2024.0,
967,My Dear SiSTARS!,,Anime,,,2024.0,
968,Let's Duel!!,,Anime,,,2024.0,
969,routine life,,Anime,,,2024.0,
970,LEveL,,Anime,,,2024.0,
971,MISSION,,Anime,,,2024.0,
972,Obake Himawari,,Anime,,,2024.0,
973,Love Call,,Anime,,,2024.0,
974,Aire,,Anime,,,2024.0,
975,Sleep Walking Orch,,Anime,,,2024.0,
976,Absolute Zero,,Anime,,,2024.0,
977,Rekka,,Anime,,,2024.0,
978,Namara Menkoi Girl,,Anime,,,2024.0,
979,ROUGE,,Anime,,,2024.0,
980,LOVE OR HATE?,,Anime,,,2024.0,
981,Omokage,,Anime,,,2024.0,
982,Kirifuda,,Anime,,,2024.0,
983,Ta ga Tame,,Anime,,,2024.0,
984,Whatever Happens,,Anime,,,2024.0,
985,Futatsu no Kotoba,,Anime,,,2024.0,
986,Yume no Ito,,Anime,,,2024.0,
987,Paradoxes,,Anime,,,2024.0,
988,IVE - WILL,,Anime,,,2024.0,
989,Shura ni Otoshite,,Anime,,,2024.0,
990,GA-TAN GO-TON,,Anime,,,2024.0,
991,Brave,,Anime,,,2024.0,
992,Akaku Somete S,,Anime,,,2024.0,
993,OEDOEDO,,Anime,,,2024.0,
994,The Parade of Battler,,Anime,,,2024.0,
995,Raiou,,Anime,,,2024.0,
996,Danger Danger,,Anime,,,2024.0,
997,Cinematic Parade,,Anime,,,2024.0,
998,Fantasista,,Anime,,,2024.0,
999,Kimiiro no Kiseki,,Anime,,,2024.0,
1000,FLY,,Anime,,,2024.0,
1001,Hikarakka,,Anime,,,2024.0,
1002,Baby love! Baby,,Anime,,,2024.0,
1003,On the Frontline,,Anime,,,2024.0,
1004,Blue Days,,Anime,,,2024.0,
1005,poi,,Anime,,,2024.0,
1006,Minor Piece,,Anime,,,2024.0,
1007,Jikai Yokoku,,Anime,,,2024.0,
1008,Do or Die,,Anime,,,2024.0,
1009,Killer Bars,,Anime,,,2024.0,
1010,Habatake,,Anime,,,2024.0,
1011,Otowa,,Anime,,,2024.0,
1012,Bling-Bang-Bang-B,,Anime,,,2024.0,
1013,Sugar Blood Kiss,,Anime,,,2024.0,
1014,Unmei,,Anime,,,2024.0,
1015,FUN FUN Wonderful,,Anime,,,2024.0,
1016,Super ultra I love you,,Anime,,,2024.0,
1017,Laid Back Journey,,Anime,,,2024.0,
1018,cure,,Anime,,,2024.0,
1019,Follow your arrows,,Anime,,,2024.0,
1020,Over Scientific!,,Anime,,,2024.0,
1021,Kyunrious,,Anime,,,2024.0,
1022,Lover's Eye,,Anime,,,2024.0,
1023,Unbeatable,,Anime,,,2024.0,
1024,Kimi no Sei,,Anime,,,2024.0,
1025,Hazard Symbol,,Anime,,,2024.0,
1026,Promenade,,Anime,,,2024.0,
1027,Another Birthday,,Anime,,,2024.0,
1028,mutual love,,Anime,,,2024.0,
1029,EVOLVE,,Anime,,,2024.0,
1030,Ponpopopon,,Anime,,,2024.0,
1031,Tabi no Yukue,,Anime,,,2024.0,
1032,By My Darling,,Anime,,,2024.0,
1033,Into the Fire,,Anime,,,2024.0,
1034,I Am...,,Anime,,,2024.0,
1035,Hajimete wa zenbu,,Anime,,,2024.0,
1036,Haru,,Anime,,,2024.0,
1037,Abyss,,Anime,,,2024.0,
1038,Lilac,,Anime,,,2024.0,
1039,Uraomote Aquarium,,Anime,,,2024.0,
1040,Wakaranai Ai,,Anime,,,2024.0,
1041,Upside down Magic,,Anime,,,2024.0,
1042,Now On Air,,Anime,,,2024.0,
1043,ReCoda,,Anime,,,2024.0,
1044,Daitan,,Anime,,,2024.0,
1045,Windshifter,,Anime,,,2024.0,
1046,Utopia,,Anime,,,2024.0,
1047,TOKUMEI-KIBOU,,Anime,,,2024.0,
1048,Uuuuus!,,Anime,,,2024.0,
1049,Yobigoe,,Anime,,,2024.0,
1050,PEACEKEEPER,,Anime,,,2024.0,
1051,Irodori,,Anime,,,2024.0,
1052,Cotton Days,,Anime,,,2024.0,
1053,Eye's Sentry,,Anime,,,2024.0,
1054,Professionalism,,Anime,,,2024.0,
1055,MUGEN,,Anime,,,2024.0,
1056,Maou,,Anime,,,2024.0,
1057,Growing Up,,Anime,,,2024.0,
1058,believer,,Anime,,,2024.0,
1059,Hate no Nai Tabi,,Anime,,,2024.0,
1060,NewGame,,Anime,,,2024.0,
1061,"Zattou, Bokura",,Anime,,,2024.0,
1062,Turn the World,,Anime,,,2024.0,
1063,Reversal,,Anime,,,2024.0,
1064,Shouted Serenade,,Anime,,,2024.0,
1065,Sekai wo Inuite,,Anime,,,2024.0,
1066,Zenryoku Joshi,,Anime,,,2024.0,
1067,Hohoemi no Oto,,Anime,,,2024.0,
1068,Heart,,Anime,,,2024.0,
1069,Gifu ni ted,,Anime,,,2024.0,
1070,Stardust Memory,,Anime,,,2024.0,
1071,IMMORTAL,,Anime,,,2024.0,
1072,Wonderful Precure!,,Anime,,,2024.0,
1073,ADRENALIZED,,Anime,,,2024.0,
1074,My dream girls,,Anime,,,2024.0,
1075,Ai for you!,,Anime,,,2024.0,
1076,Easy Hard Shikashite,,Anime,,,2024.0,
1077,Orange,,Anime,,,2024.0,
1078,Douka,,Anime,,,2024.0,
1079,Hoozuki,,Anime,,,2024.0,
1080,HIBANA,,Anime,,,2024.0,
1081,soumonka,,Anime,,,2024.0,
1082,Unmei-chan,,Anime,,,2024.0,
1083,Lock-On,,Anime,,,2024.0,
1084,Kanousei Liberation,,Anime,,,2024.0,
1085,Bang Bang with Braven,,Anime,,,2024.0,
1086,Water Carrier,,Anime,,,2024.0,
1087,Showdown,,Anime,,,2024.0,
1088,IVORY TOWER,,Anime,,,2024.0,
1089,Time Paradox,,Anime,,,2024.0,
1090,Your Key,,Anime,,,2024.0,
1091,Sesame,,Anime,,,2024.0,
1092,Senkou Hayabusa,,Anime,,,2024.0,
1093,Kimi ga Ojii-chan,,Anime,,,2024.0,
1094,Seishun no Archive,,Anime,,,2024.0,
1095,Go Exceed!!,,Anime,,,,
1096,Change The World,,Anime,,,,
1097,In My World,,Anime,,,,
1098,Black Swallowtail,,Anime,,,,
1099,Shadow and Truth,,Anime,,,,
1100,WataMote!,,Anime,,,,
1101,Regeneration,,Anime,,,,
1102,Uso no Hibana,,Anime,,,,
1103,Contradiction,,Anime,God of High School,,2020.0,
1104,Sore wa Akatsuki no,,Anime,,,,
1105,Black Catcher,,Anime,,,,
1106,Secret Story,,Anime,,,,
1107,Utatane Sunshine,,Anime,,,,
1108,Fuyunohanashi,,Anime,,,,
1109,Liar Mask,,Anime,,,,
1110,Koi de Ai De Boukun,,Anime,,,,
1111,Gunjo,,Anime,,,,
1112,Datte Atashino Hero,,Anime,,,,
1113,1st Love Story,,Anime,,,,
1114,Amegafurukara Nijigadeiru,,Anime,,,,
1115,Redo,,Anime,,,,
1116,Sekai Ochiteiru,,Anime,,,,
1117,"Dakara, Hitori ja Nai",,Anime,,,,
1118,Silhouette,,Anime,,,,
1119,Kyoukai no Kanata,,Anime,,,,
1120,Black Rover,,Anime,,,,
1121,Tokyo Winter Session,,Anime,,,,
1122,Fiction,,Anime,,,,
1123,Onaji Sora no Shita,,Anime,,,,
1124,Highschool of the D,,Anime,,,,
1125,X.U.,,Anime,Seraph of the End,,,
1126,Make My Story,,Anime,,,,
1127,Dadada,,Anime,,,,
1128,crossing field,,Anime,,,,
1129,A Cruel Angel's Thesis,,Anime,,,,
1130,Red Swan,,Anime,,,,
1131,Papapa,,Anime,,,,
1132,Vital,,Anime,,,,
1133,Hajimete no SEASON,,Anime,,,,
1134,Irony,,Anime,,,,
1135,Nameless Story,,Anime,,,,
1136,Climber's High,,Anime,,,,
1137,Toki wo Kizamu Uta,,Anime,,,,
1138,LIFE,,Anime,,,,
1139,NIRVANA,,Anime,,,,
1140,Magical Babyrinth,,Anime,Welcome to Demon School! Iruma-kun,,2020.0,
1141,Yoru wa Nemureru,,Anime,,,,
1142,CheerS,,Anime,,,,
1143,Reimei,,Anime,,,,
1144,nnb,,Anime,,,,
1145,Niji no Kakera,,Anime,,,,
1146,Seishun wa Zankoku,,Anime,,,,
1147,TOP,,Anime,Tower of God,,2020.0,
1148,Flyers,,Anime,,,,
1149,Guren no Yumiya,,Anime,,,,
1150,Seven Doors,,Anime,,,,
1151,"Itsuka no, Ikutsuka n",,Anime,,,,
1152,Sign,,Anime,,,,
1153,STRIKE BACK,,Anime,,,,
1154,Kirameki,,Anime,,,,
1155,Re'nai Circulation,,Anime,,,,
1156,Polaris,,Anime,,,,
1157,Haruka Mirai,,Anime,,,,
1158,CLICK,,Anime,,,,
1159,Sonna Koto Ura no,,Anime,,,,
1160,adrenaline!!!,,Anime,,,,
1161,MS - Identity,,Anime,,,,
1162,Trust in you,,Anime,,,,
1163,"Hello,world!",,Anime,,,,
1164,Itsumo no You ni LOV,,Anime,,,,
1165,Aozora no Rhapsody,,Anime,,,,
1166,ViViD,,Anime,,,,
1167,secret base,,Anime,,,,
1168,Suki wo Oshiete,,Anime,,,,
1169,Fukashigi no Karte,,Anime,,,,
1170,Kiyoharu - Slow,,Anime,,,,
1171,My Secret,,Anime,,,,
1172,Shelter,,Anime,,,,
1173,Kimi ni Todoke,,Anime,,,,
1174,Perfect-area Comple,,Anime,,,,
1175,FLY HIGH!!,,Anime,,,,
1176,Play the world,,Anime,,,,
1177,ULTIMATE MAGIC,,Anime,,,,
1178,Inferno,,Anime,,,,
1179,Sorairo Days,,Anime,,,,
1180,Recipe,,Anime,,,,
1181,Resolution,,Anime,,,,
1182,QUESTION,,Anime,,,,
1183,PrincexPrince,,Anime,,,,
1184,GAMERS!,,Anime,,,,
1185,Mission! Ken Kou Dai,,Anime,,,,
1186,fantastic dreamer,,Anime,,,,
1187,ANIMA,,Anime,,,,
1188,Koi no Hime Hime,,Anime,,,,
1189,Hakkin Disco,,Anime,,,,
1190,Otome no Route wa Hitori janai!,,Anime,,,,
1191,Esoragoto,,Anime,,,,
1192,Rally Go Round,,Anime,,,,
1193,My Sweet Shelter,,Anime,,,,
1194,Sakura Mitsutsuki,,Anime,,,,
1195,Ai no Prison,,Anime,,,,
1196,Tsumujikaze,,Anime,Ascendance of a Bookworm,,,
1197,SHIORI,,Anime,,,,
1198,VOICE,,Anime,,,,
1199,Suki no Skill,,Anime,,,,
1200,SOMEONE ELSE,,Anime,,,,
1201,Tomorrow,,Anime,,,,
1202,Catch The Moment,,Anime,,,,
1203,Gotoubun no Kimochi,,Anime,,,,
1204,INNOCENCE,,Anime,,,,
1205,Shiny Ray,,Anime,,,,
1206,Black + White,,Anime,,,,
1207,ambiguous,,Anime,,,,
1208,I'm A Believer,,Anime,,,,
1209,Kibou no Uta,,Anime,,,,
1210,unravel,,Anime,,,,
1211,History Maker,,Anime,,,,
1212,Prime number,,Anime,,,,
1213,Realize,,Anime,Re Zero,Season 2,2020.0,
1214,No.7,,Anime,,,,
1215,Zen Zen Zense,,Anime,,,,
1216,Kimi Janakya Dame,,Anime,,,,
1217,Fatima,,Anime,,,,
1218,BRAVER,,Anime,,,,
1219,Overfly,,Anime,,,,
1220,Refrain Boy,,Anime,,,,
1221,Found & Lost,,Anime,,,,
1222,Chikatto Chika Chika,,Anime,,,,
1223,Extra Revolution,,Anime,,,,
1224,Iris,,Anime,,,,
1225,Mimei no Kimi to,,Anime,,,,
1226,Rightfully,,Anime,,,,
1227,GO CRY GO,,Anime,,,,
1228,Sora ni Utaeba,,Anime,,,,
1229,Kokoro Knock,,Anime,,,,
1230,Welcome to Chaos!,,Anime,,,2020.0,
1231,Can Do,,Anime,,,,
1232,Ashita no Kimi sae Ire,,Anime,,,,
1233,delete,,Anime,,,,
1234,No More Time Machine,,Anime,,,,
1235,Never Say Never,,Anime,,,,
1236,DADDY DADDY DO,,Anime,,,,
1237,Mukanjyo,,Anime,,,,
1238,Hana ni Bourei,,Anime,,,,
1239,Let Me Hear,,Anime,,,,
1240,Clattanoia,,Anime,,,,
1241,Sangenshoku,,Anime,,,,
1242,Masayume Chasing,,Anime,,,,
1243,Dango Daikazoku,,Anime,,,,
1244,ebb and flow,,Anime,,,,
1245,Skyreach,,Anime,,,,
1246,Onegai Muscle,,Anime,,,,
1247,Chronos,,Anime,,,,
1248,Howling,,Anime,,,,
1249,Stories,,Anime,,,,
1250,YESTERDAY,,Anime,,,,
1251,Absolute Soul,,Anime,,,,
1252,Wanna Go Home,,Anime,,,,
1253,Connect,ClariS,Anime,Magia Madoka,,,
1254,Take Off,,Anime,,,,
1255,Button,,Anime,,,,
1256,u/n,,Anime,,,,
1257,Love Dramatic,,Anime,,,,
1258,Carnation,,Anime,,,,
1259,Uraomote Fortune,,Anime,,,,
1260,Ashita no Hikari,,Anime,,,,
1261,Wild Side,,Anime,,,,
1262,Wareta Ringo,,Anime,,,,
1263,Aruite Ikou,,Anime,,,2020.0,
1264,I Wanna Be…,,Anime,,,,
1265,Touch Off,,Anime,,,,
1266,Winding Road,,Anime,,,,
1267,Iwanai kedo ne,,Anime,,,,
1268,Libra,,Anime,Shironeko Project,,2020.0,
1269,Hyadain no Kakakata,,Anime,,,,
1270,Q&A Recital!,,Anime,,,,
1271,HEROES,,Anime,,,,
1272,Yasashisa no Riyuu,,Anime,,,,
1273,database,,Anime,,,,
1274,Inferno (Promare),,Anime,,,,
1275,Peace Sign,,Anime,,,,
1276,Extra Magic Hour,,Anime,,,,
1277,Kimi no Tonari,,Anime,,,,
1278,Rob the Frontier,,Anime,,,,
1279,Valkyrie Ikusa Otome,,Anime,,,,
1280,PHOENIX,,Anime,Haikyuu!,To The Top,2020.0,
1281,VORACITY,,Anime,,,,
1282,KAKUSHINTEKI,,Anime,,,,
1283,Good Morning World,,Anime,,,,
1284,Koyoi mofumofu!!,,Anime,,,,
1285,Kessen Spirit,,Anime,,,,
1286,One Reason,,Anime,,,,
1287,Paradisus-Paradoxum,,Anime,,,,
1288,COOLEST,,Anime,,,,
1289,Seikai Fuseikai,,Anime,,,2020.0,
1290,over and over,,Anime,,,,
1291,Wagamama,,Anime,,,,
1292,Here,,Anime,,,,
1293,Snow fairy,,Anime,,,,
1294,Serment,,Anime,,,,
1295,Kiss Me,,Anime,,,,
1296,WAGAMAMA Mirror,,Anime,,,,
1297,Deep in Abyss,,Anime,,,,
1298,One day,,Anime,,,,
1299,Daisuki.,,Anime,,,,
1300,Fireworks,,Anime,,,,
1301,Slide Run,,Anime,,,,
1302,Theater of Life,,Anime,,,,
1303,Kaze ni Fukarete,,Anime,,,,
1304,Gorgeous 4U,,Anime,,,,
1305,sunlight avenue,,Anime,,,,
1306,THE HERO!!,,Anime,,,,
1307,Kaze ga Fuku Machi,,Anime,,,,
1308,Jiriki Hongan Revolut,,Anime,,,,
1309,Period,,Anime,,,,
1310,the WORLD,,Anime,,,,
1311,silky heart,,Anime,,,,
1312,ODD FUTURE,,Anime,,,,
1313,SPLASH FREE,,Anime,,,,
1314,Hey World,,Anime,,,,
1315,Date A Live,,Anime,,,,
1316,Star Maker,,Anime,,,,
1317,Everlasting Shine,,Anime,,,2020.0,
1318,Bye Bye,,Anime,,,,
1319,THE DAY,,Anime,,,,
1320,COOLISH WALK,,Anime,,,,
1321,Korekara mo Gotobun,,Anime,,,,
1322,Asayake no Starmine,,Anime,,,,
1323,Namae no nai,,Anime,,,,
1324,WHITE ALBUM,,Anime,,,,
1325,Rising Hope,,Anime,,,,
1326,Kimi Yume Tsuretekit,,Anime,,,,
1327,Kyoumen no Nami,,Anime,,,,
1328,Blow out,,Anime,,,,
1329,Hidamari Days,,Anime,,,,
1330,Shiny tale,,Anime,,,,
1331,courage,,Anime,,,,
1332,KINGS,,Anime,,,,
1333,Sugar Song To Bitter,,Anime,,,,
1334,V.I.P,,Anime,,,,
1335,"No pain, no game",,Anime,,,,
1336,Yake Ochinai Tsubasa,,Anime,,,,
1337,Seishun Seminar,,Anime,,,,
1338,Zutto,,Anime,,,,
1339,Gekkan Toppa x S,,Anime,,,,
1340,ideal white,,Anime,,,,
1341,RESISTER,,Anime,,,,
1342,Inner Urge,,Anime,,,,
1343,lull,,Anime,,,,
1344,Shout Baby,,Anime,,,,
1345,ADAMAS,,Anime,,,,
1346,Complication,,Anime,,,,
1347,Sparkling Daydream,,Anime,,,,
1348,S & Sweet CHERRY,,Anime,,,,
1349,Zannen Kei Rinjin Bu,,Anime,,,,
1350,Ranbu no Melody,,Anime,,,,
1351,JINGO JUNGLE,,Anime,,,,
1352,Racing into the Night,,Anime,,,,
1353,Reason Living,,Anime,,,,
1354,Kuusou Mesorogiwi,,Anime,,,,
1355,Grand Blue,,Anime,,,,
1356,JUSTadICE,,Anime,,,,
1357,Blade of Hope,,Anime,,,,
1358,Dear Teardrop,,Anime,,,,
1359,Fanfare,,Anime,,,,
1360,99,,Anime,,,,
1361,ZERO!!,,Anime,,,,
1362,Gurenge,,Anime,,,,
1363,Moffumoffu,,Anime,,,,
1364,Aoi Shiori,,Anime,,,,
1365,My Love,,Anime,,,,
1366,COLORS,,Anime,,,,
1367,KISS OF DEATH,,Anime,,,,
1368,Imagination,,Anime,,,,
1369,HIKARI,,Anime,,,,
1370,Answer,,Anime,,,,
1371,BYE BYE YESTERDAY,,Anime,,,,
1372,Core Pride,,Anime,,,,
1373,Kawaki no Ameku,,Anime,,,,
1374,Pink Lemonade,,Anime,,,,
1375,Renegade,,Anime,,,,
1376,Wake up,AAA,Anime,One Piece,,,
1377,DeCIDE,,Anime,,,,
1378,sky and blue,,Anime,,,,
1379,unfinished,,Anime,,,,
1380,HARUKAZE,,Anime,,,,
1381,Gamushara,Miyuna,Anime,,,,
1382,Sacred world,,Anime,,,2020.0,
1383,Arigato wa Kocchi,,Anime,,,2020.0,
1384,dual existence,,Anime,,,2020.0,
1385,Mononoke in the Fiction,,Anime,In/Spectre,,2020.0,
1386,Mr. Fixer,,Anime,,,2020.0,
1387,final phase,,Anime,,,2020.0,
1388,Shiny Happy Days,,Anime,NekoPara,,2020.0,
1389,Suzuki,,Anime,,,2020.0,
1390,Gomakashi,,Anime,,,2020.0,
1391,I got it!,,Anime,,,2020.0,
1392,Clover,,Anime,Arte,,2020.0,
1393,graphite diamond,,Anime,,,2020.0,
1394,Nadamesukashi Negotiation,,Anime,Uzaki Wants to Hangout,,2020.0,
1395,Koi no Uta,"Yunomi, Akari Kito",Anime,Tonikaku Kawaii,,2020.0,
1396,Watashitachi no,,Anime,,,2020.0,
1397,over and over,,Anime,DanMachi,,2020.0,
1398,into the blue's,,Anime,,,2020.0,
1399,Easy Breezy,,Anime,,,2020.0,
1400,CHAIN,,Anime,Darwin's Game,,2020.0,
1401,PRISM,,Anime,Fruits Basket,,2020.0,
1402,Phantom Joke,UNISON SQUARE GARDEN,Anime,,,2020.0,
1403,Toppakou,,Anime,Haikyuu!,To The Top,2020.0,
1404,STEAL!!,,Anime,,,2020.0,
1405,Literature,Reina Ueda,Anime,,,2020.0,
1406,Chiisana Hibi,,Anime,Kakushigoto,,2020.0,
1407,Chaos Drifters,,Anime,,,2020.0,
1408,Muzui,,Anime,,,2020.0,
1409,I believe what you,,Anime,,,2020.0,
1410,Curtain Call,,Anime,,,2024.0,
1411,Kouya ni Sake yo,,Anime,,,2024.0,
1412,No Complete,,Anime,,,2024.0,
1413,UNDEAD,,Anime,,,2024.0,"Past, future; can't…"
1414,KATAWARA,,Anime,,,2024.0,
1415,The Battle,,Anime,,,2024.0,
1416,Black Box,,Anime,,,2024.0,
1417,Homunculus,,Anime,,,2024.0,
1418,Sign,,Anime,,,2024.0,
1419,Fatal,,Anime,,,2024.0,You're the fatal
1420,Sweet Memory,,Anime,,,2024.0,
1421,Gimme Gimme,,Anime,,,2024.0,
1422,Harebare!,,Anime,,,2024.0,
1423,Cheer for you!,,Anime,,,2024.0,
1424,Plan A,,Anime,,,2024.0,
1425,Yururing Travel,,Anime,,,2024.0,
1426,Virtual Showtime,,Anime,,,2024.0,
1427,Akaneko,,Anime,,,2024.0,
1428,FACELESS,,Anime,,,2024.0,
1429,Hazure,,Anime,,,2024.0,ooh-oohh…
1430,AMBITION,,Anime,,,2024.0,
1431,Sekai Rinne,,Anime,,,2024.0,
1432,Charge!,,Anime,,,2024.0,
1433,Kaishin no Ichigeki,,Anime,,,2024.0,
1434,Blouse,,Anime,,,2024.0,doo-doo
1435,Up Start,,Anime,,,2024.0,
1436,LOVE & JUSTICE,,Anime,,,2024.0,
1437,1-ban Kagayaku,,Anime,,,2024.0,
1438,Shikairo Days,,Anime,,,2024.0,shikanoko
1439,Crank Up,,Anime,,,2024.0,
1440,Unmei-sen de,,Anime,,,2024.0,
1441,Fried Pride,,Anime,,,2024.0,
1442,gifted,,Anime,,,2024.0,
1443,Story,,Anime,,,2024.0,
1444,Burning,,Anime,,,2024.0,
1445,Secret Operation,,Anime,,,2024.0,
1446,Fire and Fear,,Anime,,,2024.0,wo-oah…
1447,EMPEROR TIME,,Anime,,,2024.0,
1448,Running in my Head,,Anime,,,2024.0,
1449,WILLSHINE,,Anime,,,2024.0,
1450,Kanjou Kakumei,,Anime,,,2024.0,
1451,RISE UP,,Anime,,,2024.0,Stems: Intro
1452,Okaerinasai,,Anime,,,2024.0,
1453,Switch,,Anime,,,2024.0,
1454,caramel ribbon,,Anime,,,2024.0,
1455,Senaka Awase,,Anime,,,2024.0,
1456,Tsuyogaru Girl,,Anime,,,2024.0,Make! Make! Make!
1457,Ano Hikari,,Anime,,,2024.0,a-no-hi-ka-ri; la-la-la
1458,Kamakura STYLE,,Anime,,,2024.0,
1459,Go-Getters,,Anime,,,2024.0,
1460,Micro Revolution,,Anime,,,2024.0,
1461,Mikansei Rendezvous,,Anime,,,2024.0,
1462,Shukumei,,Anime,,,2024.0,
1463,Parallel na Heart,,Anime,,,2024.0,"la-la-la, wo-oah yeah"
1464,Wagamama,,Anime,,,2024.0,
1465,Chiisana Tsubomi,,Anime,,,2024.0,
1466,Might Just,,Anime,,,2024.0,
1467,Ctrl+C,,Anime,,,2024.0,
1468,Shutter Chance,,Anime,,,2024.0,
1469,Tenshi-tachi no Uta,,Anime,,,2024.0,
1470,Renacer Serenade,,Anime,,,2024.0,
1471,Shura Nikki,,Anime,,,2024.0,
1472,QUEEN,,Anime,,,2024.0,
1473,Teenage Blue,,Anime,,,2024.0,
1474,TAIDADA,,Anime,,,2024.0,
1475,Feedback wo Narash,,Anime,,,2024.0,
1476,Iinazukkyun,,Anime,,,2024.0,
1477,Never Never,,Anime,,,2024.0,
1478,Across Universe,,Anime,,,2024.0,
1479,Fragum,,Anime,,,2024.0,
1480,Only One Story,,Anime,,,2024.0,
1481,Auftakt,,Anime,,,2024.0,
1482,YOU GOTTA RUN,,Anime,,,2024.0,
1483,Beat the odds,,Anime,,,2024.0,
1484,KiraKira,,Anime,,,2024.0,
1485,Fly Higher,,Anime,,,2024.0,
1486,Kinoko Inu,,Anime,,,2024.0,
1487,Saikyou? Saikou!,,Anime,,,2024.0,
1488,Ebizori Turn!,,Anime,,,2024.0,
1489,Unending Wish,,Anime,,,2024.0,
1490,Chaser,,Anime,,,2024.0,
1491,Ao,,Anime,,,2024.0,
1492,Suikou Setten,,Anime,,,2024.0,
1493,Yawaku Koishite,,Anime,,,2024.0,
1494,Bad Du Du Du,,Anime,,,2024.0,
1495,Gyumu!,,Anime,,,2024.0,
1496,nina,,Anime,,,2024.0,
1497,Otonoke,,Anime,,,2024.0,
1498,LUCID DREAM,,Anime,,,2024.0,
1499,GG,,Anime,,,2024.0,
1500,Narrative,,Anime,,,2024.0,
1501,NIGHT,,Anime,,,2024.0,
1502,Wake Up,,Anime,,,2024.0,
1503,Prism Flare,,Anime,,,2024.0,
1504,We Go! ~Mugiwara,,Anime,,,2024.0,
1505,Iranai mono,,Anime,,,2024.0,
1506,Henshin,,Anime,,,2024.0,
1507,Merry-Go-Round T,,Anime,,,2024.0,
1508,Shounen,,Anime,,,2024.0,
1509,Let's be ONE,,Anime,,,2024.0,
1510,Kattou Tomorrow,,Anime,,,2024.0,
1511,Ashita Sekai ga Owa,,Anime,,,2024.0,
1512,Alca,,Anime,,,2024.0,
1513,Tactics,,Anime,,,2024.0,
1514,Kaijuu,,Anime,,,2024.0,
1515,Kotoba ni Sezutomo,,Anime,,,2024.0,
1516,Reweave,,Anime,,,2024.0,
1517,ROCK ME KISS ME,,Anime,,,2024.0,
1518,Seven pieces,,Anime,,,2024.0,
1519,Brave one,,Anime,,,2024.0,
1520,Tsugihagi no Tsubasa,,Anime,,,2024.0,
1521,Boujaku no Charisma,,Anime,,,2024.0,
1522,Order Made,,Anime,,,2024.0,
1523,Tsugihagi no Tsubasa,,Anime,,,2024.0,
1524,Kyozou,,Anime,,,2024.0,
1525,Hollow,,Anime,,,2024.0,
1526,RE RESCUE,,Anime,,,2024.0,
1527,ODD NUMBER,,Anime,,,2024.0,
1528,SKILLAWAKE,,Anime,,,2024.0,
1529,Anta Nante.,,Anime,,,2024.0,
1530,Little Lovers,,Anime,,,2024.0,
1531,Awaku Kasuka,,Anime,,,2024.0,
1532,"Hayo, New World.",,Anime,,,2024.0,
1533,VORTEX,,Anime,,,2024.0,
1534,Gambling Hall,,Anime,,,2024.0,
1535,UNDER and OVER,,Anime,,,2024.0,
1536,Fuuka,,Anime,,,2024.0,
1537,Same Blue,,Anime,,,2024.0,
1538,MMH,,Anime,,,2024.0,
1539,Ai no Reunion,,Anime,,,2024.0,
1540,Together Forever,,Anime,,,2024.0,
1541,Sailing,,Anime,,,2024.0,
1542,Otozure,,Anime,,,2024.0,
1543,Jaka Jaan,,Anime,,,2024.0,
1544,Show,,Anime,,,2024.0,
1545,Cosmic Treat,,Anime,,,2024.0,
1546,Endless Happy End,,Anime,,,2024.0,
1547,Ito,,Anime,,,2024.0,
1548,Icchokusen Daisaku,,Anime,,,2024.0,
1549,Kamihikouki,,Anime,,,2025.0,
1550,Rourou,,Anime,,,2025.0,
1551,Uni:Birth,,Anime,,,2025.0,
1552,Bakesou na Kokoro,,Anime,,,2025.0,
1553,Year N,,Anime,,,2025.0,
1554,POP UP!,,Anime,,,2025.0,
1555,Sketch,,Anime,,,2025.0,rurira-rurira
1556,Hyakka Ryouran,,Anime,,,2025.0,drums; pa-pa-ra; ahh
1557,L'oN,,Anime,,,2025.0,oh-wo-o-oah
1558,Tasokare,,Anime,,,2025.0,
1559,Contrast,,Anime,,,2025.0,
1560,Hashire SAKAMOTO,,Anime,,,2025.0,
1561,Gotoubun no Egao,,Anime,,,2025.0,
1562,Compass,,Anime,,,2025.0,
1563,Hajimari no Mirai,,Anime,,,2025.0,
1564,sense of pain,,Anime,,,2025.0,ahh...
1565,Sousei no Aquarion,,Anime,,,2025.0,
1566,Meramera,,Anime,,,2025.0,oh-ohh...
1567,Enter,,Anime,,,2025.0,
1568,over the top,,Anime,,,2025.0,
1569,Saijoukyuu no Koko,,Anime,,,2025.0,
1570,"Koibito Ijou, Suki M",,Anime,,,2025.0,ah-a-ha; wo-oah
1571,Atashi no Dress,,Anime,,,2025.0,
1572,Perfect Day,,Anime,,,2025.0,"la-la-la, la-la-la"
1573,Oishii Survivor,,Anime,,,2025.0,This is a story
1574,Saraba,,Anime,,,2025.0,(guitars)
1575,Life is Beautiful,,Anime,,,2025.0,
1576,Unsung ballad,,Anime,,,2025.0,
1577,Zen,,Anime,,,2025.0,ooh-woohh..
1578,Kimi to Idol Precure,,Anime,,,2025.0,
1579,Dai Dai Daisuki,,Anime,,,2025.0,
1580,Wonderlust!!,,Anime,,,2025.0,
1581,SCOPE,,Anime,,,2025.0,
1582,Palette Days,,Anime,,,2025.0,
1583,Zainin,,Anime,,,2025.0,
1584,Hebi,,Anime,,,2025.0,
1585,True Peak,,Anime,,,2025.0,
1586,Jibun Kakumei,,Anime,,,2025.0,
1587,Pray Pray Pray,,Anime,,,2025.0,
1588,BURN,,Anime,,,2025.0,
1589,Dokkin Mahoutsukai,,Anime,,,2025.0,
1590,Bloody Liar,,Anime,,,2025.0,
1591,BOW AND ARROW,,Anime,,,2025.0,
1592,Ichijitsusenshu,,Anime,,,2025.0,
1593,Kimi to Shika Koishi,,Anime,,,2025.0,
1594,Zero Ignition,,Anime,,,2025.0,
1595,Treasure!,,Anime,,,2025.0,
1596,"Arigato, Daisuki ni N",,Anime,,,2025.0,
1597,Frontiers,,Anime,,,2025.0,3-2-1; what you wan
1598,NEET in Jam,,Anime,,,2025.0,"hey, hey, hey"
1599,Kinnikuman Hero,,Anime,,,2025.0,
1600,Cuz I,,Anime,,,2025.0,
1601,Ano ne,,Anime,,,2025.0,oh-woah...
1602,Horizon,,Anime,,,2025.0,
1603,CASANOVA POSSE,,Anime,,,2025.0,"woah, yeah"
1604,A Happy Promise,,Anime,,,2025.0,
1605,realitYhurts.,,Anime,,,2025.0,(Synths); la-la-la
1606,KILLKISS,,Anime,,,2025.0,
1607,Crescendo,,Anime,,,2025.0,
1608,Kirameki,,Anime,,,2025.0,
1609,The Eye,,Anime,,,2025.0,
1610,Risoukyo,,Anime,,,2025.0,
1611,Make It Count,,Anime,,,2025.0,Gonna make it count
1612,Magic Hour,,Anime,,,2025.0,"oh yeah, yeah; aye"
1613,Isekai Kyousoukyoku,,Anime,,,2025.0,
1614,OOKAMI,,Anime,,,2025.0,
1615,ReawakeR,,Anime,,,2025.0,
1616,But No Love,,Anime,,,2025.0,Woah-oah
1617,GIVE & TAKE,,Anime,,,2025.0,
1618,Choose!!,,Anime,,,2025.0,
1619,Ame Tokimeki Koi,,Anime,,,2025.0,
1620,Shujinkou ni Narou!,,Anime,,,2025.0,jibun shidai da ze
1621,Bravely Dance,,Anime,,,2025.0,It's time to go
1622,Maji de Sekai Kaech,,Anime,,,2025.0,ah-ahh...
1623,Daijoubu,,Anime,,,2025.0,
1624,Summertime Ghost,,Anime,,,2025.0,wo-oah...; ah-hah...
1625,Aufheben,,Anime,,,2025.0,wo-woah...
1626,Mahou wa Spice,,Anime,,,2025.0,
1627,Alka Tale,,Anime,,,2025.0,
1628,Yaren no? Endless,,Anime,,,2025.0,
1629,Tabi Shiyo! Don't You,,Anime,,,2025.0,
1630,Kekka Orai,,Anime,,,2025.0,"get-get, it's alright"
1631,FACSTORY,,Anime,,,2025.0,
1632,Everyday Host,,Anime,,,2025.0,
1633,Sugosugi Maebashi,,Anime,,,2025.0,
1634,Hurray!!,,Anime,,,2025.0,
1635,"Shitsumon, Koi tte N",,Anime,,,2025.0,oi!
1636,Clockwork Flowers,,Anime,,,2025.0,
1637,Ninkoro Dance,,Anime,,,2025.0,nin-nin-nin
1638,Ie de Yeah! Tte Age,,Anime,,,2025.0,
1639,Uchuu-teki Mystery,,Anime,,,2025.0,"ta-ta, ta-ta, ta-tan"
1640,Illuminate,,Anime,,,2025.0,
1641,Yume ja Nai nara N,,Anime,,,2025.0,ohh...
1642,Plazma,,Anime,,,2025.0,oh... Oh...
1643,HIGH FLAME,,Anime,,,2025.0,guitar; drums; la-la-la
1644,So Lucky,,Anime,,,2025.0,
1645,Light Maker,,Anime,,,2025.0,
1646,Drops,,Anime,,,2025.0,
1647,Rise,,Anime,,,2025.0,it's all about to rise
1648,Ring Ring Ring,,Anime,,,2025.0,
1649,KINGSBLOOD,,Anime,,,2025.0,
1650,Ballpark de Shake!,,Anime,,,2025.0,1-2-3-4-5; let's go; wo
1651,Wish,,Anime,,,2025.0,
1652,Ready to Rock,,Anime,,,2025.0,
1653,Shoudou,,Anime,,,2025.0,
1654,HEROES,,Anime,,,2025.0,
1655,Fushigi na Kimi,,Anime,,,2025.0,
1656,Hakudou,,Anime,,,2025.0,
1657,Binetsuma ,,Anime,,,2025.0,
1658,Midnight Reflection,,Anime,,,2025.0,
1659,Honey Lemon,,Anime,,,2025.0,
1660,Omoi Ai,,Anime,,,2025.0,
1661,Zettai Utahime Seng,,Anime,,,2025.0,"3, 2, 1"
1662,BOYZ,,Anime,,,2025.0,
1663,The 1,,Anime,,,2025.0,
1664,AXCLUSION,,Anime,,,2025.0,
1665,Lazarus,,Anime,,,2025.0,
1666,Tenshi to Akuma,,Anime,,,2025.0,
1667,BLADE,,Anime,,,2025.0,
1668,Ai Uta,,Anime,,,2025.0,
1669,Singularist,,Anime,,,2025.0,
1670,Vortex,,Anime,,,2025.0,
1671,Speed,,Anime,,,2025.0,
1672,heart,,Anime,,,2025.0,
1673,Koeru,,Anime,,,2025.0,
1674,Kaseijin,,Anime,,,2025.0,
1675,Aitoka.,,Anime,,,2025.0,
1676,Kiiro Shingou,,Anime,,,2025.0,
1677,Yokan,,Anime,,,2025.0,
1678,Gegege no Kitarou,,Anime,,,2025.0,
1679,Skirt,,Anime,,,2025.0,
1680,GRIDOUT,,Anime,,,2025.0,
1681,MONTAGE,,Anime,,,2025.0,
1682,TWILIGHT!!!,,Anime,,,2025.0,
1683,Sonna Mon ne,,Anime,,,2025.0,
1684,MAISIE,,Anime,,,2025.0,
1685,Twilight,,Anime,,,2025.0,
1686,INERTIA,,Anime,,,2025.0,
1687,Watch me!,,Anime,,,2025.0,"3, 2, 1"
1688,"Kanojo wa Ima, Mei",,Anime,,,2025.0,
1689,Many Merry Memori,,Anime,,,2025.0,woo!
1690,Sou,,Anime,,,2025.0,wo-woah...
1691,Mou Dou Natte mo,,Anime,,,2025.0,
1692,Continue,,Anime,,,2025.0,
1693,GET BACK,,Anime,,,2025.0,ah-ah...
1694,Brand New Day,,Anime,,,2025.0,
1695,Kusushiki,,Anime,,,2025.0,"yuy-yuy; mm, mm"
1696,Baby Baby Baby,,Anime,,,2025.0,
1697,Taiyou ga Noboronai,,Anime,,,2025.0,
1698,Method,,Anime,,,2025.0,
1699,Tenden Barbara,,Anime,,,2025.0,
1700,SUPERNOVA,,Anime,,,2025.0,
1701,Kagome Kagome,,Anime,,,2025.0,"ooh, oohh..."
1702,Manazashi wa Hikari,,Anime,,,2025.0,
1703,Tokihanate,,Anime,,,2025.0,ichi-ni-san; u-wa-a
1704,My way,,Anime,,,2025.0,
1705,Super Big Love,,Anime,,,2025.0,
1706,Kamidanomi,,Anime,,,2025.0,
1707,Saikai,,Anime,,,2025.0,"hah, hah, ha-ah..."
1708,Happy Lucky Chappy,,Anime,,,2025.0,
1709,GORIGORI Feez-e Girl,,Anime,,,2025.0,
1710,What is Justice?,,Anime,,,2025.0,
1711,Seishun Towa,,Anime,,,2025.0,woo!
1712,Hello,,Anime,,,2025.0,
1713,Bitter end,,Anime,,,2025.0,
1714,CAT CITY,,Anime,,,2025.0,
1715,Doukashiteru,,Anime,,,2025.0,
1716,Tomoshibi,,Anime,,,2025.0,
1717,Unique,,Anime,,,2025.0,
1718,NEW PANTY AND ST,,Anime,,,2025.0,
1719,Junjou de Are,,Anime,,,2025.0,
1720,Resolution,,Anime,,,2025.0,
1721,Kimi ga Kureta Mono,,Anime,,,2025.0,
1722,Harenohini,,Anime,,,2025.0,
1723,Umutsuki,,Anime,,,2025.0,
1724,suffer,,Anime,,,2025.0,
1725,CALLING,,Anime,,,2025.0,
1726,Ao to Kirameki,,Anime,,,2025.0,
1727,Wish for you,,Anime,,,2025.0,
1728,Akari wa Tooku,,Anime,,,2025.0,
1729,Hyakuchinisou,,Anime,,,2025.0,
1730,Muri Muri Shinkaron,,Anime,,,2025.0,
1731,Futari no Game,,Anime,,,2025.0,
1732,Blue Motion,,Anime,,,2025.0,
1733,Kakumei Douchuu,,Anime,,,2025.0,
1734,HUGs,,Anime,,,2025.0,
1735,Snowdrop,,Anime,,,2025.0,
1736,Kimi ni Fusawashii,,Anime,,,2025.0,
1737,CRY OUT CRY OVER,,Anime,,,2025.0,
1738,Maillard,,Anime,,,2025.0,
1739,Magestic Catastrophe,,Anime,,,2025.0,
1740,Dystopia or Utopia,,Anime,,,2025.0,
1741,enja,,Anime,,,2025.0,
1742,Ame to,,Anime,,,2025.0,
1743,Hikari no Sumika,,Anime,,,2025.0,
1744,End of Days,,Anime,,,2025.0,
1745,BLOOM,,Anime,,,2025.0,
1746,Mirage,,Anime,,,2025.0,
1747,Mr. Moonlight,,Anime,,,2025.0,
1748,Mikansei ni Matataite,,Anime,,,2025.0,
1749,Gesshoku,,Anime,,,2025.0,
1750,feel,,Anime,,,2025.0,
1751,Yuurei ni Naritai,,Anime,,,2025.0,
1752,Ruler,,Anime,,,2025.0,
1753,HOWL,,Anime,,,2025.0,
1754,Can't Run From,,Anime,,,2025.0,
1755,Kawaii Kaiwai,,Anime,,,2025.0,
1756,Mirai Cider,,Anime,,,2025.0,
1757,OVERNIGHT,,Anime,,,2025.0,
1758,Wo Ai Ni,,Anime,,,2025.0,ahh...
1759,THE REVO,,Anime,,,2025.0,
1760,Amidakuji,,Anime,,,2025.0,
1761,Amadeus,,Anime,,,2025.0,
1762,Issen,,Anime,,,2025.0,build up
1763,Spurt Syndromer,,Anime,,,2025.0,intro dialogue
1764,Bake no Kawa,,Anime,,,2025.0,yeah; get out
1765,Uza Kawaikute Nani,,Anime,,,2025.0,
1766,LET’S JUST CRASH,,Anime,,,2025.0,
1767,Senjyo no Hana,,Anime,,,2025.0,wah...
1768,yummy goodday,,Anime,,,2025.0,wo-o-oah...; lala; do it
1769,Get No Satisfied!,,Anime,,,2025.0,
1770,Sakura Kaze,,Anime,,,2025.0,la-la-la
1771,Hi wo Mamoru,,Anime,,,2025.0,build-up drums
1772,Fumetsu no Anata e,,Anime,,,2025.0,
1773,Nie,,Anime,,,2025.0,
1774,Magic,,Anime,,,2025.0,
1775,Stellar Days,,Anime,,,2025.0,
1776,Wanna be,,Anime,,,2025.0,
1777,Iolite,,Anime,,,2025.0,
1778,"Hira yori Rai ya, Sara",,Anime,,,2025.0,
1779,Monster,,Anime,,,2025.0,
1780,Dokidoki Kirameki,,Anime,,,2025.0,
1781,Level wo Agete Butsu,,Anime,,,2025.0,
1782,Isekai Concerto,,Anime,,,2025.0,
1783,Mahou,,Anime,,,2025.0,"oohh, la-la, la-la"
1784,Honto to Uso,,Anime,,,2025.0,
1785,Ii yo,,Anime,,,2025.0,
1786,Toryanse,,Anime,,,2025.0,"hey; lai, la-lai"
1787,"Ikite, Sansan",,Anime,,,2025.0,
1788,Future Session,,Anime,,,2025.0,
1789,Dramatic Overlay,,Anime,,,2025.0,"1, 2, 3"
1790,Koi no Magic Potion,,Anime,,,2025.0,
1791,Prologue,,Anime,,,2025.0,
1792,Futaribun,,Anime,,,2025.0,
1793,Invincible,,Anime,,,2025.0,
1794,Reincarnation,,Anime,,,2025.0,
1795,Ender,,Anime,,,2025.0,
1796,Hacha Mecha Wacha,,Anime,,,2025.0,
1797,Liar,,Anime,,,2025.0,
1798,Sugary Story,,Anime,,,2025.0,
1799,Zettai Shousan,,Anime,,,2025.0,
1800,Mad Pulse,,Anime,,,2025.0,build-up; wo-wo-wo
1801,Seishun no Silhouette,,Anime,,,2025.0,
1802,Kusuguttai.,,Anime,,,2025.0,
1803,Hyakumensou,,Anime,,,2025.0,
1804,Futari de Iyouka,,Anime,,,2025.0,
1805,"1, 2, Play",,Anime,,,2025.0,
1806,Quest,,Anime,,,2025.0,
1807,U.K.U,,Anime,,,2025.0,
1808,Gohan Tabeyo,,Anime,,,2025.0,
1809,Daybreak,,Anime,,,2025.0,
1810,So Far Away,,Anime,,,2025.0,
1811,Happy Yummy Lucky,,Anime,,,2025.0,
1812,Adultic Children,,Anime,,,2025.0,"1, 2, 3, 4"
1813,Sweet Disaster,,Anime,,,2025.0,
1814,Algorithm,,Anime,,,2025.0,
1815,Inochi no Parade,,Anime,,,2025.0,
1816,Empty Heart,,Anime,,,2025.0,
1817,POP LIFE,,Anime,,,2025.0,
1818,Stare in Wonder,,Anime,,,2025.0,
1819,WE ARE MADE,,Anime,,,2025.0,
1820,Bukiyou na I love you,,Anime,,,2025.0,
1821,Platform,,Anime,,,2025.0,ahh; Stems
1822,Black Flame,,Anime,,,2025.0,
1823,Piece of my world,,Anime,,,2025.0,
1824,Touring,,Anime,,,2025.0,
1825,Careless,,Anime,,,2021.0,
1826,Shingetsu no Da Capo,,Anime,,,2021.0,
1827,Gamushara,CHiCO with HoneyWorks,Anime,Boruto,,2021.0,
1828,BOY,King Gnu,Anime,Ranking of Kings,,2021.0,
1829,Asa ga Kuru,Aimer,Anime,Demon Slayer,Entertainment District Arc,2022.0,
1830,Shinshi no Torihiki,,Anime,TsukiMichi: Moonlit Fantasy,,2022.0,
1831,Endless Love,,Anime,,,2022.0,
1832,Route BLUE,,Anime,Shikimori's Not Just a Cutie,,2022.0,
1833,Make Up Life,,Anime,,,2022.0,
1834,Koshaberi Byori,,Anime,,,2022.0,
1835,Hajimari e to Tsuzuku Bashou,,Anime,,,2022.0,
1836,Tokyo Shandy Rendezvous,,Anime,,,2022.0,
1837,VITA,,Anime,,,2023.0,
